pdf_stem,pdf_path,collection,year,month,model_tier,decade,failure_domain,failure_stage,failure_error_type,failure_detail,grid_status,grid_error_type,grid_confidence,location_status,location_error_type,location_section,location_township,location_range,county_status,county_error_type,county_name,dot_status,dot_error_type,dot_confidence,latlong_status,latlong_error_type,resolution_source,flags
OSAGE_No Data_2287966,s3://osu-well-records-225989338968/pdfs/ExportedFolderContents_1/1922/09 - September/OSAGE_No Data_2287966.pdf,1,1922,09 - September,early,1920s,county,county,exception,County extraction failed: exception,done,,99,done,,,27,8,failed,exception,,done,,99,skipped,,,
X_GILCHRIST 10_2288008,s3://osu-well-records-225989338968/pdfs/ExportedFolderContents_1/1922/09 - September/X_GILCHRIST 10_2288008.pdf,1,1922,09 - September,early,1920s,county,county,keyword_not_found,County extraction failed: keyword_not_found,done,,91,done,,22,7,,failed,keyword_not_found,,done,,99,skipped,,,
X_HIVICK_919968,s3://osu-well-records-225989338968/pdfs/ExportedFolderContents_1/1922/09 - September/X_HIVICK_919968.pdf,1,1922,09 - September,early,1920s,county,county,exception,County extraction failed: exception,done,not_detected,100,done,,,4,15,failed,exception,,skipped,,,skipped,,,
X_No Data_1413768,s3://osu-well-records-225989338968/pdfs/ExportedFolderContents_1/1922/09 - September/X_No Data_1413768.pdf,1,1922,09 - September,early,1920s,county,county,exception,County extraction failed: exception,done,,100,done,,19,,6W,failed,exception,,done,,99,skipped,,,
35111088630000_SARAH RENTIE 2_1384628,s3://osu-well-records-225989338968/pdfs/ExportedFolderContents_1/1922/10 - October/35111088630000_SARAH RENTIE 2_1384628.pdf,1,1922,10 - October,early,1920s,county,county,exception,County extraction failed: exception,done,,100,done,,2,,13,failed,exception,,done,,99,skipped,,,
35117015810000_SCOTT 1_2002972,s3://osu-well-records-225989338968/pdfs/ExportedFolderContents_1/1922/10 - October/35117015810000_SCOTT 1_2002972.pdf,1,1922,10 - October,early,1920s,county,county,keyword_not_found,County extraction failed: keyword_not_found,done,,99,done,,22,20,6E,failed,keyword_not_found,,done,,99,skipped,,,
X_PORTER 1_2002946,s3://osu-well-records-225989338968/pdfs/ExportedFolderContents_1/1922/10 - October/X_PORTER 1_2002946.pdf,1,1922,10 - October,early,1920s,county,county,keyword_not_found,County extraction failed: keyword_not_found,done,,97,done,,,12,14W,failed,keyword_not_found,,done,,99,skipped,,,
X_SMITH 1_2003166,s3://osu-well-records-225989338968/pdfs/ExportedFolderContents_1/1922/10 - October/X_SMITH 1_2003166.pdf,1,1922,10 - October,early,1920s,county,county,exception,County extraction failed: exception,done,,99,done,,,18,9W,failed,exception,,done,,98,skipped,,,
11102638_SCHACHT 3_1052328,s3://osu-well-records-225989338968/pdfs/ExportedFolderContents_1/1922/11 - November/11102638_SCHACHT 3_1052328.pdf,1,1922,11 - November,early,1920s,county,county,exception,County extraction failed: exception,done,,90,done,,22,14,24E,failed,exception,,done,,99,skipped,,,
11109907_Mcnac 2_1052469,s3://osu-well-records-225989338968/pdfs/ExportedFolderContents_1/1922/11 - November/11109907_Mcnac 2_1052469.pdf,1,1922,11 - November,early,1920s,county,county,exception,County extraction failed: exception,done,,100,done,,21,,14,failed,exception,,done,,99,skipped,,,
13701559_JOHN W MARTIN 1_920205,s3://osu-well-records-225989338968/pdfs/ExportedFolderContents_1/1922/11 - November/13701559_JOHN W MARTIN 1_920205.pdf,1,1922,11 - November,early,1920s,county,county,exception,County extraction failed: exception,done,,100,done,,19,2,6,failed,exception,,done,,95,skipped,,,
13712242_TONEY-TURNER 3_920190,s3://osu-well-records-225989338968/pdfs/ExportedFolderContents_1/1922/11 - November/13712242_TONEY-TURNER 3_920190.pdf,1,1922,11 - November,early,1920s,county,county,exception,County extraction failed: exception,done,,100,done,,26,,5,failed,exception,,done,,99,skipped,,,
13712718_BRITTAIN 7_920168,s3://osu-well-records-225989338968/pdfs/ExportedFolderContents_1/1922/11 - November/13712718_BRITTAIN 7_920168.pdf,1,1922,11 - November,early,1920s,county,county,exception,County extraction failed: exception,done,,97,done,,,1,8,failed,exception,,done,,99,skipped,,,
XX_MAGGIE DAVIS 2_1384667,s3://osu-well-records-225989338968/pdfs/ExportedFolderContents_1/1922/11 - November/XX_MAGGIE DAVIS 2_1384667.pdf,1,1922,11 - November,early,1920s,county,county,exception,County extraction failed: exception,done,,93,done,,9,18,13,failed,exception,,done,,99,skipped,,,
XX_MAGGIE DAVIS 2_2003319,s3://osu-well-records-225989338968/pdfs/ExportedFolderContents_1/1922/11 - November/XX_MAGGIE DAVIS 2_2003319.pdf,1,1922,11 - November,early,1920s,county,county,exception,County extraction failed: exception,done,,93,done,,9,18,13,failed,exception,,done,,99,skipped,,,
X_H RITTERHOFF 2_2003341,s3://osu-well-records-225989338968/pdfs/ExportedFolderContents_1/1922/11 - November/X_H RITTERHOFF 2_2003341.pdf,1,1922,11 - November,early,1920s,county,county,exception,County extraction failed: exception,done,,100,done,,2,,14,failed,exception,,done,,100,skipped,,,
X_HOBS O H 1_2464378,s3://osu-well-records-225989338968/pdfs/ExportedFolderContents_1/1922/11 - November/X_HOBS O H 1_2464378.pdf,1,1922,11 - November,early,1920s,county,county,exception,County extraction failed: exception,done,,99,done,,,3,49W,failed,exception,,done,,95,skipped,,,
X_T G GANN 1_782067,s3://osu-well-records-225989338968/pdfs/ExportedFolderContents_1/1922/11 - November/X_T G GANN 1_782067.pdf,1,1922,11 - November,early,1920s,county,county,exception,County extraction failed: exception,done,,99,done,,32,6,7,failed,exception,,done,,99,skipped,,,
X_TRACT 27 16_1414082,s3://osu-well-records-225989338968/pdfs/ExportedFolderContents_1/1922/11 - November/X_TRACT 27 16_1414082.pdf,1,1922,11 - November,early,1920s,county,county,exception,County extraction failed: exception,done,,98,done,,19,26,,failed,exception,,done,,99,skipped,,,
X_TRACT 27 5_1414081,s3://osu-well-records-225989338968/pdfs/ExportedFolderContents_1/1922/11 - November/X_TRACT 27 5_1414081.pdf,1,1922,11 - November,early,1920s,county,county,exception,County extraction failed: exception,done,,97,done,,8,28,,failed,exception,,done,,99,skipped,,,
01900705_J C CARROLL 1_516382,s3://osu-well-records-225989338968/pdfs/ExportedFolderContents_1/1922/12 - December/01900705_J C CARROLL 1_516382.pdf,1,1922,12 - December,early,1920s,county,county,exception,County extraction failed: exception,done,,95,done,,,3S,24,failed,exception,,done,,100,skipped,,,
01910687_PHOEBE REXROAT 2C_920324,s3://osu-well-records-225989338968/pdfs/ExportedFolderContents_1/1922/12 - December/01910687_PHOEBE REXROAT 2C_920324.pdf,1,1922,12 - December,early,1920s,county,county,exception,County extraction failed: exception,done,,100,done,,,4S,2,failed,exception,,done,,98,skipped,,,
03703815_HATTIE ROBERTS 2_1052902,s3://osu-well-records-225989338968/pdfs/ExportedFolderContents_1/1922/12 - December/03703815_HATTIE ROBERTS 2_1052902.pdf,1,1922,12 - December,early,1920s,county,county,exception,County extraction failed: exception,done,,99,done,,2,15,,failed,exception,,done,,87,skipped,,,
10303110_RUZEK 7_1539123,s3://osu-well-records-225989338968/pdfs/ExportedFolderContents_1/1922/12 - December/10303110_RUZEK 7_1539123.pdf,1,1922,12 - December,early,1920s,county,county,keyword_not_found,County extraction failed: keyword_not_found,done,,99,done,,,24,1W,failed,keyword_not_found,,done,,100,skipped,,,
10705313_E ROBINSON 1_588856,s3://osu-well-records-225989338968/pdfs/ExportedFolderContents_1/1922/12 - December/10705313_E ROBINSON 1_588856.pdf,1,1922,12 - December,early,1920s,county,county,exception,County extraction failed: exception,done,,99,done,,4,10,,failed,exception,,done,,99,skipped,,,
11110077_FARRAR 3-A_1052906,s3://osu-well-records-225989338968/pdfs/ExportedFolderContents_1/1922/12 - December/11110077_FARRAR 3-A_1052906.pdf,1,1922,12 - December,early,1920s,county,county,exception,County extraction failed: exception,done,,98,done,,1,,42,failed,exception,,done,,99,skipped,,,
13711658_ALLEN GILBERT 1_920273,s3://osu-well-records-225989338968/pdfs/ExportedFolderContents_1/1922/12 - December/13711658_ALLEN GILBERT 1_920273.pdf,1,1922,12 - December,early,1920s,county,county,exception,County extraction failed: exception,done,,100,done,,16,3,,failed,exception,,done,,100,skipped,,,
13713276_REAVES 3_920286,s3://osu-well-records-225989338968/pdfs/ExportedFolderContents_1/1922/12 - December/13713276_REAVES 3_920286.pdf,1,1922,12 - December,early,1920s,county,county,exception,County extraction failed: exception,done,,98,done,,19,18,,failed,exception,,done,,99,skipped,,,
35037761820000_HAGER JACKSON 5 1ST HOLE_14328651,s3://osu-well-records-225989338968/pdfs/ExportedFolderContents_1/1922/12 - December/35037761820000_HAGER JACKSON 5 1ST HOLE_14328651.pdf,1,1922,12 - December,early,1920s,county,county,keyword_not_found,County extraction failed: keyword_not_found,done,not_detected,98,done,,,25,4,failed,keyword_not_found,,skipped,,,skipped,,,
35143762940000_JOHNSON 1_2003760,s3://osu-well-records-225989338968/pdfs/ExportedFolderContents_1/1922/12 - December/35143762940000_JOHNSON 1_2003760.pdf,1,1922,12 - December,early,1920s,county,county,exception,County extraction failed: exception,done,,99,done,,2,18,13,failed,exception,,done,,98,skipped,,,
14707593_BOREN 1_1414260,s3://osu-well-records-225989338968/pdfs/ExportedFolderContents_1/1923/01 - January/14707593_BOREN 1_1414260.pdf,1,1923,01 - January,early,1920s,county,county,keyword_not_found,County extraction failed: keyword_not_found,done,,99,done,,2,,2,failed,keyword_not_found,,done,,94,skipped,,,
35111092360000_MARSHALL 5_2003876,s3://osu-well-records-225989338968/pdfs/ExportedFolderContents_1/1923/01 - January/35111092360000_MARSHALL 5_2003876.pdf,1,1923,01 - January,early,1920s,county,county,exception,County extraction failed: exception,done,,100,done,,19,,14E,failed,exception,,done,,99,skipped,,,
35111099550000_WOODMAN 3_2003856,s3://osu-well-records-225989338968/pdfs/ExportedFolderContents_1/1923/01 - January/35111099550000_WOODMAN 3_2003856.pdf,1,1923,01 - January,early,1920s,county,county,exception,County extraction failed: exception,done,,99,done,,3,12,,failed,exception,,done,,98,skipped,,,
35137014630000_J W TALLEY 1_1843841,s3://osu-well-records-225989338968/pdfs/ExportedFolderContents_1/1923/01 - January/35137014630000_J W TALLEY 1_1843841.pdf,1,1923,01 - January,early,1920s,county,county,exception,County extraction failed: exception,done,,90,done,,3,1,,failed,exception,,done,,98,skipped,,,
01909131_O S SPARKS 1_920486,s3://osu-well-records-225989338968/pdfs/ExportedFolderContents_1/1923/02 - February/01909131_O S SPARKS 1_920486.pdf,1,1923,02 - February,early,1920s,county,county,keyword_not_found,County extraction failed: keyword_not_found,done,,100,done,,,2,2,failed,keyword_not_found,,done,,99,skipped,,,
03706129_L MANUEL 33_1053311,s3://osu-well-records-225989338968/pdfs/ExportedFolderContents_1/1923/02 - February/03706129_L MANUEL 33_1053311.pdf,1,1923,02 - February,early,1920s,county,county,exception,County extraction failed: exception,done,,98,done,,4,,7W,failed,exception,,done,,99,skipped,,,
03713575_M BIGPOND 23_1053463,s3://osu-well-records-225989338968/pdfs/ExportedFolderContents_1/1923/02 - February/03713575_M BIGPOND 23_1053463.pdf,1,1923,02 - February,early,1920s,county,county,exception,County extraction failed: exception,done,,91,done,,6,,12,failed,exception,,done,,99,skipped,,,
07102575_MCKEE 9_1539213,s3://osu-well-records-225989338968/pdfs/ExportedFolderContents_1/1923/02 - February/07102575_MCKEE 9_1539213.pdf,1,1923,02 - February,early,1920s,county,county,keyword_not_found,County extraction failed: keyword_not_found,done,,100,done,,,25N,1W,failed,keyword_not_found,,done,,99,skipped,,,
07102717_No Data_1414459,s3://osu-well-records-225989338968/pdfs/ExportedFolderContents_1/1923/02 - February/07102717_No Data_1414459.pdf,1,1923,02 - February,early,1920s,county,county,exception,County extraction failed: exception,done,,99,done,,2,27N,12W,failed,exception,,done,,99,skipped,,,
07104595_HOWELL 1_1539220,s3://osu-well-records-225989338968/pdfs/ExportedFolderContents_1/1923/02 - February/07104595_HOWELL 1_1539220.pdf,1,1923,02 - February,early,1920s,county,county,keyword_not_found,County extraction failed: keyword_not_found,done,,100,done,,13,26,1W,failed,keyword_not_found,,done,,99,skipped,,,
11103041_COLBERT 5-80A_1053426,s3://osu-well-records-225989338968/pdfs/ExportedFolderContents_1/1923/02 - February/11103041_COLBERT 5-80A_1053426.pdf,1,1923,02 - February,early,1920s,county,county,exception,County extraction failed: exception,done,,99,done,,16,14,14,failed,exception,,done,,97,skipped,,,
14303094_JANIE SMITH 2_1053354,s3://osu-well-records-225989338968/pdfs/ExportedFolderContents_1/1923/02 - February/14303094_JANIE SMITH 2_1053354.pdf,1,1923,02 - February,early,1920s,county,county,exception,County extraction failed: exception,done,,99,done,,11,18,22,failed,exception,,done,,99,skipped,,,
14305156_C C CURTIS 2_1414432,s3://osu-well-records-225989338968/pdfs/ExportedFolderContents_1/1923/02 - February/14305156_C C CURTIS 2_1414432.pdf,1,1923,02 - February,early,1920s,county,county,exception,County extraction failed: exception,done,,99,done,,24,,14,failed,exception,,done,,96,skipped,,,
14305739_MITCHELL 10_1414419,s3://osu-well-records-225989338968/pdfs/ExportedFolderContents_1/1923/02 - February/14305739_MITCHELL 10_1414419.pdf,1,1923,02 - February,early,1920s,county,county,exception,County extraction failed: exception,done,,100,done,,20,21,,failed,exception,,done,,100,skipped,,,
14503750_DEARSTONE 1_1364332,s3://osu-well-records-225989338968/pdfs/ExportedFolderContents_1/1923/02 - February/14503750_DEARSTONE 1_1364332.pdf,1,1923,02 - February,early,1920s,county,county,exception,County extraction failed: exception,done,,100,done,,7,,18,failed,exception,,done,,97,skipped,,,
35019117950000_C J GILL 5_1696608,s3://osu-well-records-225989338968/pdfs/ExportedFolderContents_1/1923/02 - February/35019117950000_C J GILL 5_1696608.pdf,1,1923,02 - February,early,1920s,county,county,exception,County extraction failed: exception,done,,100,done,,19,4,,failed,exception,,done,,99,skipped,,,
35037149360000_L.F. SMITH 1_2004199,s3://osu-well-records-225989338968/pdfs/ExportedFolderContents_1/1923/02 - February/35037149360000_L.F. SMITH 1_2004199.pdf,1,1923,02 - February,early,1920s,county,county,exception,County extraction failed: exception,done,,98,done,,,17,9,failed,exception,,done,,100,skipped,,,
35101021470000_GEO WOODALL 1_2364246,s3://osu-well-records-225989338968/pdfs/ExportedFolderContents_1/1923/02 - February/35101021470000_GEO WOODALL 1_2364246.pdf,1,1923,02 - February,early,1920s,county,county,exception,County extraction failed: exception,done,,100,done,,1,,16,failed,exception,,done,,81,skipped,,,
35107039870000_M HALL 1 A_2004283,s3://osu-well-records-225989338968/pdfs/ExportedFolderContents_1/1923/02 - February/35107039870000_M HALL 1 A_2004283.pdf,1,1923,02 - February,early,1920s,county,county,exception,County extraction failed: exception,done,,92,done,,19,,10,failed,exception,,done,,98,skipped,,,
35111170710000_J JEFFERSON 1_1384790,s3://osu-well-records-225989338968/pdfs/ExportedFolderContents_1/1923/02 - February/35111170710000_J JEFFERSON 1_1384790.pdf,1,1923,02 - February,early,1920s,county,county,exception,County extraction failed: exception,done,,100,done,,2,,13,failed,exception,,done,,99,skipped,,,
03705366_MCINTOSH 1_1053812,s3://osu-well-records-225989338968/pdfs/ExportedFolderContents_1/1923/03 - March/03705366_MCINTOSH 1_1053812.pdf,1,1923,03 - March,early,1920s,county,county,keyword_not_found,County extraction failed: keyword_not_found,done,,100,done,,29,16,,failed,keyword_not_found,,done,,99,skipped,,,
03707633_No Data_1053913,s3://osu-well-records-225989338968/pdfs/ExportedFolderContents_1/1923/03 - March/03707633_No Data_1053913.pdf,1,1923,03 - March,early,1920s,county,county,exception,County extraction failed: exception,done,,100,done,,3,26,,failed,exception,,done,,99,skipped,,,
10702166_LUCINDA 1_589548,s3://osu-well-records-225989338968/pdfs/ExportedFolderContents_1/1923/03 - March/10702166_LUCINDA 1_589548.pdf,1,1923,03 - March,early,1920s,county,county,exception,County extraction failed: exception,done,,99,done,,,10,11,failed,exception,,done,,99,skipped,,,
11111137_THOMPSON BRUNER 2_1053682,s3://osu-well-records-225989338968/pdfs/ExportedFolderContents_1/1923/03 - March/11111137_THOMPSON BRUNER 2_1053682.pdf,1,1923,03 - March,early,1920s,county,county,exception,County extraction failed: exception,done,,100,done,,36,23,,failed,exception,,done,,99,skipped,,,
13306942_B FOSTER 1_589550,s3://osu-well-records-225989338968/pdfs/ExportedFolderContents_1/1923/03 - March/13306942_B FOSTER 1_589550.pdf,1,1923,03 - March,early,1920s,county,county,keyword_not_found,County extraction failed: keyword_not_found,done,,97,done,,8,8,,failed,keyword_not_found,,done,,99,skipped,,,
35107028600000_FIELDS 1_2004690,s3://osu-well-records-225989338968/pdfs/ExportedFolderContents_1/1923/03 - March/35107028600000_FIELDS 1_2004690.pdf,1,1923,03 - March,early,1920s,county,county,keyword_not_found,County extraction failed: keyword_not_found,done,,100,done,,,2,2,failed,keyword_not_found,,done,,98,skipped,,,
35107054720000_LUANN JOHNSON 1_1496500,s3://osu-well-records-225989338968/pdfs/ExportedFolderContents_1/1923/03 - March/35107054720000_LUANN JOHNSON 1_1496500.pdf,1,1923,03 - March,early,1920s,county,county,exception,County extraction failed: exception,done,,94,done,,19,,21,failed,exception,,done,,99,skipped,,,
35111055210000_P TOBLER 1_2004620,s3://osu-well-records-225989338968/pdfs/ExportedFolderContents_1/1923/03 - March/35111055210000_P TOBLER 1_2004620.pdf,1,1923,03 - March,early,1920s,county,county,exception,County extraction failed: exception,done,,100,done,,19,15N,,failed,exception,,done,,99,skipped,,,
35143037050000_NANNIE POSTOAK 8_2004691,s3://osu-well-records-225989338968/pdfs/ExportedFolderContents_1/1923/03 - March/35143037050000_NANNIE POSTOAK 8_2004691.pdf,1,1923,03 - March,early,1920s,county,county,keyword_not_found,County extraction failed: keyword_not_found,done,,100,done,,2,,2,failed,keyword_not_found,,done,,100,skipped,,,
OSAGE_JOS RIDDLE 3_2288667,s3://osu-well-records-225989338968/pdfs/ExportedFolderContents_1/1923/03 - March/OSAGE_JOS RIDDLE 3_2288667.pdf,1,1923,03 - March,early,1920s,county,county,keyword_not_found,County extraction failed: keyword_not_found,done,,100,done,,17,,9,failed,keyword_not_found,,done,,99,skipped,,,
X_No Data_1414607,s3://osu-well-records-225989338968/pdfs/ExportedFolderContents_1/1923/03 - March/X_No Data_1414607.pdf,1,1923,03 - March,early,1920s,county,county,exception,County extraction failed: exception,done,,99,done,,35,,10W,failed,exception,,done,,99,skipped,,,
06700387_SHERRILL 1_920659,s3://osu-well-records-225989338968/pdfs/ExportedFolderContents_1/1923/04 - April/06700387_SHERRILL 1_920659.pdf,1,1923,04 - April,early,1920s,county,county,exception,County extraction failed: exception,done,,100,done,,2,,6W,failed,exception,,done,,99,skipped,,,
07103853_MASON 1_1539361,s3://osu-well-records-225989338968/pdfs/ExportedFolderContents_1/1923/04 - April/07103853_MASON 1_1539361.pdf,1,1923,04 - April,early,1920s,county,county,exception,County extraction failed: exception,done,,100,done,,11,25,1,failed,exception,,done,,99,skipped,,,
07104266_C R OGG 6_1539461,s3://osu-well-records-225989338968/pdfs/ExportedFolderContents_1/1923/05 - May/07104266_C R OGG 6_1539461.pdf,1,1923,05 - May,early,1920s,county,county,exception,County extraction failed: exception,done,,98,done,,35,25N,,failed,exception,,done,,99,skipped,,,
10303161_CARMICHAEL 14-A_1539504,s3://osu-well-records-225989338968/pdfs/ExportedFolderContents_1/1923/05 - May/10303161_CARMICHAEL 14-A_1539504.pdf,1,1923,05 - May,early,1920s,county,county,exception,County extraction failed: exception,done,,95,done,,,24,14W,failed,exception,,done,,99,skipped,,,
10303201_P RUZEK 8_1539426,s3://osu-well-records-225989338968/pdfs/ExportedFolderContents_1/1923/05 - May/10303201_P RUZEK 8_1539426.pdf,1,1923,05 - May,early,1920s,county,county,exception,County extraction failed: exception,done,,96,done,,3,41,1,failed,exception,,done,,99,skipped,,,
11110016_Osborne 1_1054396,s3://osu-well-records-225989338968/pdfs/ExportedFolderContents_1/1923/05 - May/11110016_Osborne 1_1054396.pdf,1,1923,05 - May,early,1920s,county,county,exception,County extraction failed: exception,done,,95,done,,4,,2,failed,exception,,done,,99,skipped,,,
14502042_HARRIS 2_1364470,s3://osu-well-records-225989338968/pdfs/ExportedFolderContents_1/1923/05 - May/14502042_HARRIS 2_1364470.pdf,1,1923,05 - May,early,1920s,county,county,exception,County extraction failed: exception,done,,100,done,,4,26,15W,failed,exception,,done,,99,skipped,,,
14503361_SECREST 1_1364516,s3://osu-well-records-225989338968/pdfs/ExportedFolderContents_1/1923/05 - May/14503361_SECREST 1_1364516.pdf,1,1923,05 - May,early,1920s,county,county,keyword_not_found,County extraction failed: keyword_not_found,done,,100,done,,2,,16,failed,keyword_not_found,,done,,98,skipped,,,
35037086010000_MAXWELL 1_2005361,s3://osu-well-records-225989338968/pdfs/ExportedFolderContents_1/1923/05 - May/35037086010000_MAXWELL 1_2005361.pdf,1,1923,05 - May,early,1920s,county,county,exception,County extraction failed: exception,done,,100,done,,1,,11,failed,exception,,done,,99,skipped,,,
35037358460000_BEN VANCE 18_2005244,s3://osu-well-records-225989338968/pdfs/ExportedFolderContents_1/1923/05 - May/35037358460000_BEN VANCE 18_2005244.pdf,1,1923,05 - May,early,1920s,county,county,exception,County extraction failed: exception,done,,99,done,,7,,7,failed,exception,,done,,100,skipped,,,
35071029390000_SYMONS 14_2288926,s3://osu-well-records-225989338968/pdfs/ExportedFolderContents_1/1923/05 - May/35071029390000_SYMONS 14_2288926.pdf,1,1923,05 - May,early,1920s,county,county,exception,County extraction failed: exception,done,,100,done,,,27,38W,failed,exception,,done,,99,skipped,,,
35101021340000_CLAPP 1_2364523,s3://osu-well-records-225989338968/pdfs/ExportedFolderContents_1/1923/05 - May/35101021340000_CLAPP 1_2364523.pdf,1,1923,05 - May,early,1920s,county,county,exception,County extraction failed: exception,done,,93,done,,,18,16W,failed,exception,,done,,84,skipped,,,
X_J M THOMPSON 3_2289047,s3://osu-well-records-225989338968/pdfs/ExportedFolderContents_1/1923/05 - May/X_J M THOMPSON 3_2289047.pdf,1,1923,05 - May,early,1920s,county,county,exception,County extraction failed: exception,done,,98,done,,,2,13,failed,exception,,done,,97,skipped,,,
X_NANCY SPYBUCK NEE CEASOR 1_1384965,s3://osu-well-records-225989338968/pdfs/ExportedFolderContents_1/1923/05 - May/X_NANCY SPYBUCK NEE CEASOR 1_1384965.pdf,1,1923,05 - May,early,1920s,county,county,exception,County extraction failed: exception,done,,100,done,,2,,1,failed,exception,,done,,98,skipped,,,
X_NANCY SPYBUCK NEE CEASOR 1_2289064,s3://osu-well-records-225989338968/pdfs/ExportedFolderContents_1/1923/05 - May/X_NANCY SPYBUCK NEE CEASOR 1_2289064.pdf,1,1923,05 - May,early,1920s,county,county,exception,County extraction failed: exception,done,,100,done,,2,,1,failed,exception,,done,,98,skipped,,,
X_SANGO 60-A_2005615,s3://osu-well-records-225989338968/pdfs/ExportedFolderContents_1/1923/05 - May/X_SANGO 60-A_2005615.pdf,1,1923,05 - May,early,1920s,county,county,exception,County extraction failed: exception,done,,100,done,,16,16N,9E,failed,exception,,done,,99,skipped,,,
X_SPYBUCK NEE CEASOR_2289063,s3://osu-well-records-225989338968/pdfs/ExportedFolderContents_1/1923/05 - May/X_SPYBUCK NEE CEASOR_2289063.pdf,1,1923,05 - May,early,1920s,county,county,exception,County extraction failed: exception,done,,100,done,,2,,1,failed,exception,,done,,98,skipped,,,
13712978_E SMITH 9_920813,s3://osu-well-records-225989338968/pdfs/ExportedFolderContents_1/1923/06 - June/13712978_E SMITH 9_920813.pdf,1,1923,06 - June,early,1920s,county,county,exception,County extraction failed: exception,done,,99,done,,32,,8,failed,exception,,done,,99,skipped,,,
14306532_W G OGAN 1_1415197,s3://osu-well-records-225989338968/pdfs/ExportedFolderContents_1/1923/06 - June/14306532_W G OGAN 1_1415197.pdf,1,1923,06 - June,early,1920s,county,county,keyword_not_found,County extraction failed: keyword_not_found,done,,100,done,,3,,14W,failed,keyword_not_found,,done,,98,skipped,,,
14501585_B COLBERT 1_1395621,s3://osu-well-records-225989338968/pdfs/ExportedFolderContents_1/1923/06 - June/14501585_B COLBERT 1_1395621.pdf,1,1923,06 - June,early,1920s,county,county,keyword_not_found,County extraction failed: keyword_not_found,done,,100,done,,,6N,25,failed,keyword_not_found,,done,,98,skipped,,,
14501815_MATHIS 1_1364537,s3://osu-well-records-225989338968/pdfs/ExportedFolderContents_1/1923/06 - June/14501815_MATHIS 1_1364537.pdf,1,1923,06 - June,early,1920s,county,county,exception,County extraction failed: exception,done,,91,done,,1,,1,failed,exception,,done,,98,skipped,,,
35037049470000_35037049470000_2006009,s3://osu-well-records-225989338968/pdfs/ExportedFolderContents_1/1923/06 - June/35037049470000_35037049470000_2006009.pdf,1,1923,06 - June,early,1920s,county,county,exception,County extraction failed: exception,done,,98,done,,,15,9,failed,exception,,done,,99,skipped,,,
OKMULGEE_P HINNAHA_2005646,s3://osu-well-records-225989338968/pdfs/ExportedFolderContents_1/1923/06 - June/OKMULGEE_P HINNAHA_2005646.pdf,1,1923,06 - June,early,1920s,county,county,keyword_not_found,County extraction failed: keyword_not_found,done,,91,done,,,1,10,failed,keyword_not_found,,done,,98,skipped,,,
OSAGE_OSAGE_2289208,s3://osu-well-records-225989338968/pdfs/ExportedFolderContents_1/1923/06 - June/OSAGE_OSAGE_2289208.pdf,1,1923,06 - June,early,1920s,county,county,exception,County extraction failed: exception,done,,100,done,,28,,8W,failed,exception,,done,,99,skipped,,,
X_L ENDICOTT 6-A_1539574,s3://osu-well-records-225989338968/pdfs/ExportedFolderContents_1/1923/06 - June/X_L ENDICOTT 6-A_1539574.pdf,1,1923,06 - June,early,1920s,county,county,exception,County extraction failed: exception,done,,90,done,,,25N,1W,failed,exception,,done,,98,skipped,,,
X_MCNAC 3_2005809,s3://osu-well-records-225989338968/pdfs/ExportedFolderContents_1/1923/06 - June/X_MCNAC 3_2005809.pdf,1,1923,06 - June,early,1920s,county,county,exception,County extraction failed: exception,done,,99,done,,19,15,,failed,exception,,done,,98,skipped,,,
X_R RANDLES 1_2006006,s3://osu-well-records-225989338968/pdfs/ExportedFolderContents_1/1923/06 - June/X_R RANDLES 1_2006006.pdf,1,1923,06 - June,early,1920s,county,county,keyword_not_found,County extraction failed: keyword_not_found,done,,100,done,,,12,10,failed,keyword_not_found,,done,,99,skipped,,,
X_S PETERS 2_2364679,s3://osu-well-records-225989338968/pdfs/ExportedFolderContents_1/1923/06 - June/X_S PETERS 2_2364679.pdf,1,1923,06 - June,early,1920s,county,county,exception,County extraction failed: exception,done,,99,done,,27,16,,failed,exception,,done,,98,skipped,,,
07104187_MCKEE 32_1539673,s3://osu-well-records-225989338968/pdfs/ExportedFolderContents_1/1923/07 - July/07104187_MCKEE 32_1539673.pdf,1,1923,07 - July,early,1920s,county,county,exception,County extraction failed: exception,done,,89,done,,3,,15,failed,exception,,done,,99,skipped,,,
07502154_PARKER 1_882014,s3://osu-well-records-225989338968/pdfs/ExportedFolderContents_1/1923/07 - July/07502154_PARKER 1_882014.pdf,1,1923,07 - July,early,1920s,county,county,exception,County extraction failed: exception,done,,99,done,,,2,16,failed,exception,,done,,99,skipped,,,
07502154_PARKER 1_882015,s3://osu-well-records-225989338968/pdfs/ExportedFolderContents_1/1923/07 - July/07502154_PARKER 1_882015.pdf,1,1923,07 - July,early,1920s,county,county,exception,County extraction failed: exception,done,,99,done,,,2,16,failed,exception,,done,,99,skipped,,,
10303388_SL 13 6_1539681,s3://osu-well-records-225989338968/pdfs/ExportedFolderContents_1/1923/07 - July/10303388_SL 13 6_1539681.pdf,1,1923,07 - July,early,1920s,county,county,exception,County extraction failed: exception,done,,99,done,,6,24N,,failed,exception,,done,,100,skipped,,,
14303780_BISHOP 10_1055422,s3://osu-well-records-225989338968/pdfs/ExportedFolderContents_1/1923/07 - July/14303780_BISHOP 10_1055422.pdf,1,1923,07 - July,early,1920s,county,county,exception,County extraction failed: exception,done,,100,done,,36,22,,failed,exception,,done,,91,skipped,,,
35037073150000_NEWBLOCK 4_2006238,s3://osu-well-records-225989338968/pdfs/ExportedFolderContents_1/1923/07 - July/35037073150000_NEWBLOCK 4_2006238.pdf,1,1923,07 - July,early,1920s,county,county,exception,County extraction failed: exception,done,,90,done,,9,16,8,failed,exception,,done,,99,skipped,,,
35037159260000_SARINE SIER 1_2006251,s3://osu-well-records-225989338968/pdfs/ExportedFolderContents_1/1923/07 - July/35037159260000_SARINE SIER 1_2006251.pdf,1,1923,07 - July,early,1920s,county,county,exception,County extraction failed: exception,done,,99,done,,29,,9W,failed,exception,,done,,99,skipped,,,
35103028830000_BLUBAUGH 14_8002393,s3://osu-well-records-225989338968/pdfs/ExportedFolderContents_1/1923/07 - July/35103028830000_BLUBAUGH 14_8002393.pdf,1,1923,07 - July,early,1920s,county,county,exception,County extraction failed: exception,done,,96,done,,2,,2W,failed,exception,,done,,99,skipped,,,
01909027_DILLARD 51_921019,s3://osu-well-records-225989338968/pdfs/ExportedFolderContents_1/1923/08 - August/01909027_DILLARD 51_921019.pdf,1,1923,08 - August,early,1920s,county,county,exception,County extraction failed: exception,done,,100,done,,22,48,,failed,exception,,done,,98,skipped,,,
01914150_J.S. MULLEN 3_921014,s3://osu-well-records-225989338968/pdfs/ExportedFolderContents_1/1923/08 - August/01914150_J.S. MULLEN 3_921014.pdf,1,1923,08 - August,early,1920s,county,county,exception,County extraction failed: exception,done,,98,done,,16,4S,,failed,exception,,done,,78,skipped,,,
04900648_WHITE 1_782457,s3://osu-well-records-225989338968/pdfs/ExportedFolderContents_1/1923/08 - August/04900648_WHITE 1_782457.pdf,1,1923,08 - August,early,1920s,county,county,exception,County extraction failed: exception,done,,98,done,,2,,2,failed,exception,,done,,86,skipped,,,
11105487_BYRD 1_1055825,s3://osu-well-records-225989338968/pdfs/ExportedFolderContents_1/1923/08 - August/11105487_BYRD 1_1055825.pdf,1,1923,08 - August,early,1920s,county,county,exception,County extraction failed: exception,done,,96,done,,19,,12,failed,exception,,done,,92,skipped,,,
35019103650000_C E HOLMAN 2_1697260,s3://osu-well-records-225989338968/pdfs/ExportedFolderContents_1/1923/08 - August/35019103650000_C E HOLMAN 2_1697260.pdf,1,1923,08 - August,early,1920s,county,county,exception,County extraction failed: exception,done,,100,done,,,2,3,failed,exception,,done,,98,skipped,,,
X_L. CLINTON 3_2006502,s3://osu-well-records-225989338968/pdfs/ExportedFolderContents_1/1923/08 - August/X_L. CLINTON 3_2006502.pdf,1,1923,08 - August,early,1920s,county,county,keyword_not_found,County extraction failed: keyword_not_found,done,,100,done,,3,,10,failed,keyword_not_found,,done,,98,skipped,,,
X_OSAGE_2006541,s3://osu-well-records-225989338968/pdfs/ExportedFolderContents_1/1923/08 - August/X_OSAGE_2006541.pdf,1,1923,08 - August,early,1920s,county,county,keyword_not_found,County extraction failed: keyword_not_found,done,,100,done,,2,2,,failed,keyword_not_found,,done,,99,skipped,,,
X_RUEHLEN 2_2006508,s3://osu-well-records-225989338968/pdfs/ExportedFolderContents_1/1923/08 - August/X_RUEHLEN 2_2006508.pdf,1,1923,08 - August,early,1920s,county,county,exception,County extraction failed: exception,done,,100,done,,2,,14,failed,exception,,done,,96,skipped,,,
X_WASHUNGAH 2_2289439,s3://osu-well-records-225989338968/pdfs/ExportedFolderContents_1/1923/08 - August/X_WASHUNGAH 2_2289439.pdf,1,1923,08 - August,early,1920s,county,county,keyword_not_found,County extraction failed: keyword_not_found,done,,100,done,,2,2,,failed,keyword_not_found,,done,,99,skipped,,,
01911424_DILLARD 104_921102,s3://osu-well-records-225989338968/pdfs/ExportedFolderContents_1/1923/09 - September/01911424_DILLARD 104_921102.pdf,1,1923,09 - September,early,1920s,county,county,keyword_not_found,County extraction failed: keyword_not_found,done,,100,done,,22,,27W,failed,keyword_not_found,,done,,99,skipped,,,
35037068600000_LEVI EDWARDS 2_2006670,s3://osu-well-records-225989338968/pdfs/ExportedFolderContents_1/1923/09 - September/35037068600000_LEVI EDWARDS 2_2006670.pdf,1,1923,09 - September,early,1920s,county,county,exception,County extraction failed: exception,done,,100,done,,22,16,,failed,exception,,done,,100,skipped,,,
35097001870000_RIX T J 1_2465274,s3://osu-well-records-225989338968/pdfs/ExportedFolderContents_1/1923/09 - September/35097001870000_RIX T J 1_2465274.pdf,1,1923,09 - September,early,1920s,county,county,keyword_not_found,County extraction failed: keyword_not_found,done,,100,done,,25,25,,failed,keyword_not_found,,done,,99,skipped,,,
35097001870000_T J RIX 1_2364863,s3://osu-well-records-225989338968/pdfs/ExportedFolderContents_1/1923/09 - September/35097001870000_T J RIX 1_2364863.pdf,1,1923,09 - September,early,1920s,county,county,keyword_not_found,County extraction failed: keyword_not_found,done,,100,done,,25,25,,failed,keyword_not_found,,done,,99,skipped,,,
35103029030000_BLUBAUGH 11-A_8002725,s3://osu-well-records-225989338968/pdfs/ExportedFolderContents_1/1923/09 - September/35103029030000_BLUBAUGH 11-A_8002725.pdf,1,1923,09 - September,early,1920s,county,county,exception,County extraction failed: exception,done,,94,done,,2,24N,1W,failed,exception,,done,,99,skipped,,,
X_OSAGE_2289481,s3://osu-well-records-225989338968/pdfs/ExportedFolderContents_1/1923/09 - September/X_OSAGE_2289481.pdf,1,1923,09 - September,early,1920s,county,county,exception,County extraction failed: exception,done,,99,done,,19,,6,failed,exception,,done,,98,skipped,,,
07104121_C C ENDICOTT 2-A_1540001,s3://osu-well-records-225989338968/pdfs/ExportedFolderContents_1/1923/11 - November/07104121_C C ENDICOTT 2-A_1540001.pdf,1,1923,11 - November,early,1920s,county,county,exception,County extraction failed: exception,done,,99,done,,6,25,,failed,exception,,done,,100,skipped,,,
10501773_HARTMAN 1_1618657,s3://osu-well-records-225989338968/pdfs/ExportedFolderContents_1/1923/11 - November/10501773_HARTMAN 1_1618657.pdf,1,1923,11 - November,early,1920s,county,county,exception,County extraction failed: exception,done,,95,done,,4,,4,failed,exception,,done,,97,skipped,,,
10704081_A FISHER 2_1056257,s3://osu-well-records-225989338968/pdfs/ExportedFolderContents_1/1923/11 - November/10704081_A FISHER 2_1056257.pdf,1,1923,11 - November,early,1920s,county,county,exception,County extraction failed: exception,done,,99,done,,2,,11,failed,exception,,done,,99,skipped,,,
13306869_JOHN LONG 2-A_589718,s3://osu-well-records-225989338968/pdfs/ExportedFolderContents_1/1923/11 - November/13306869_JOHN LONG 2-A_589718.pdf,1,1923,11 - November,early,1920s,county,county,exception,County extraction failed: exception,done,,91,done,,19,,8,failed,exception,,done,,98,skipped,,,
14304881_BARTLES 1_1415582,s3://osu-well-records-225989338968/pdfs/ExportedFolderContents_1/1923/11 - November/14304881_BARTLES 1_1415582.pdf,1,1923,11 - November,early,1920s,county,county,exception,County extraction failed: exception,done,,100,done,,2,,14,failed,exception,,done,,99,skipped,,,
35029001250000_CHILES 1_1496680,s3://osu-well-records-225989338968/pdfs/ExportedFolderContents_1/1923/11 - November/35029001250000_CHILES 1_1496680.pdf,1,1923,11 - November,early,1920s,county,county,exception,County extraction failed: exception,done,,99,done,,3,3,,failed,exception,,done,,99,skipped,,,
35029001250000_CHILES 1_2006958,s3://osu-well-records-225989338968/pdfs/ExportedFolderContents_1/1923/11 - November/35029001250000_CHILES 1_2006958.pdf,1,1923,11 - November,early,1920s,county,county,exception,County extraction failed: exception,done,,99,done,,3,3,,failed,exception,,done,,99,skipped,,,
35103028850000_BLUBAUGH 16_8002902,s3://osu-well-records-225989338968/pdfs/ExportedFolderContents_1/1923/11 - November/35103028850000_BLUBAUGH 16_8002902.pdf,1,1923,11 - November,early,1920s,county,county,exception,County extraction failed: exception,done,,99,done,,2,24N,,failed,exception,,done,,98,skipped,,,
01911380_DILLARD 44_921232,s3://osu-well-records-225989338968/pdfs/ExportedFolderContents_1/1923/12 - December/01911380_DILLARD 44_921232.pdf,1,1923,12 - December,early,1920s,county,county,exception,County extraction failed: exception,done,,99,done,,,45,2,failed,exception,,done,,100,skipped,,,
01911391_DILLARD 60_921248,s3://osu-well-records-225989338968/pdfs/ExportedFolderContents_1/1923/12 - December/01911391_DILLARD 60_921248.pdf,1,1923,12 - December,early,1920s,county,county,exception,County extraction failed: exception,done,,92,done,,19,49,,failed,exception,,done,,100,skipped,,,
01914238_O S SPARKS 4_921247,s3://osu-well-records-225989338968/pdfs/ExportedFolderContents_1/1923/12 - December/01914238_O S SPARKS 4_921247.pdf,1,1923,12 - December,early,1920s,county,county,exception,County extraction failed: exception,done,,99,done,,20,,2,failed,exception,,done,,99,skipped,,,
03702939_GEO WOODWARD 1_1056375,s3://osu-well-records-225989338968/pdfs/ExportedFolderContents_1/1923/12 - December/03702939_GEO WOODWARD 1_1056375.pdf,1,1923,12 - December,early,1920s,county,county,exception,County extraction failed: exception,done,,98,done,,13,14,,failed,exception,,done,,99,skipped,,,
07102764_L D GARRETT 1_1415643,s3://osu-well-records-225989338968/pdfs/ExportedFolderContents_1/1923/12 - December/07102764_L D GARRETT 1_1415643.pdf,1,1923,12 - December,early,1920s,county,county,api_error,County extraction failed: api_error,done,,99,done,,2,,2,failed,api_error,,done,,98,skipped,,,
07104046_F BEVERLIN 12_1540020,s3://osu-well-records-225989338968/pdfs/ExportedFolderContents_1/1923/12 - December/07104046_F BEVERLIN 12_1540020.pdf,1,1923,12 - December,early,1920s,county,county,exception,County extraction failed: exception,done,,93,done,,19,,1,failed,exception,,done,,99,skipped,,,
07104176_MCKEE 20_1540040,s3://osu-well-records-225989338968/pdfs/ExportedFolderContents_1/1923/12 - December/07104176_MCKEE 20_1540040.pdf,1,1923,12 - December,early,1920s,county,county,exception,County extraction failed: exception,done,,99,done,,20,,3,failed,exception,,done,,98,skipped,,,
08105492_M DOWELL 1_589752,s3://osu-well-records-225989338968/pdfs/ExportedFolderContents_1/1923/12 - December/08105492_M DOWELL 1_589752.pdf,1,1923,12 - December,early,1920s,county,county,exception,County extraction failed: exception,done,,100,done,,12,14,,failed,exception,,done,,95,skipped,,,
10100672_DURANT 2_1364744,s3://osu-well-records-225989338968/pdfs/ExportedFolderContents_1/1923/12 - December/10100672_DURANT 2_1364744.pdf,1,1923,12 - December,early,1920s,county,county,exception,County extraction failed: exception,done,,99,done,,,14,1,failed,exception,,done,,99,skipped,,,
10303199_P RUZEK 7-A_1540030,s3://osu-well-records-225989338968/pdfs/ExportedFolderContents_1/1923/12 - December/10303199_P RUZEK 7-A_1540030.pdf,1,1923,12 - December,early,1920s,county,county,exception,County extraction failed: exception,done,,98,done,,3,24N,,failed,exception,,done,,99,skipped,,,
10704747_SARYOKICHE 1_1056310,s3://osu-well-records-225989338968/pdfs/ExportedFolderContents_1/1923/12 - December/10704747_SARYOKICHE 1_1056310.pdf,1,1923,12 - December,early,1920s,county,county,exception,County extraction failed: exception,done,,99,done,,,15,8,failed,exception,,done,,96,skipped,,,
11102054_HILLMAN 2_1056374,s3://osu-well-records-225989338968/pdfs/ExportedFolderContents_1/1923/12 - December/11102054_HILLMAN 2_1056374.pdf,1,1923,12 - December,early,1920s,county,county,exception,County extraction failed: exception,done,,99,done,,,14,18,failed,exception,,done,,98,skipped,,,
11102054_HILLMAN 2_516848,s3://osu-well-records-225989338968/pdfs/ExportedFolderContents_1/1923/12 - December/11102054_HILLMAN 2_516848.pdf,1,1923,12 - December,early,1920s,county,county,exception,County extraction failed: exception,done,,99,done,,,14,18,failed,exception,,done,,98,skipped,,,
11104443_GRAYSON 2_1056382,s3://osu-well-records-225989338968/pdfs/ExportedFolderContents_1/1923/12 - December/11104443_GRAYSON 2_1056382.pdf,1,1923,12 - December,early,1920s,county,county,exception,County extraction failed: exception,done,,100,done,,2,25,,failed,exception,,done,,99,skipped,,,
13306864_L FOSTER 3_589749,s3://osu-well-records-225989338968/pdfs/ExportedFolderContents_1/1923/12 - December/13306864_L FOSTER 3_589749.pdf,1,1923,12 - December,early,1920s,county,county,exception,County extraction failed: exception,done,,100,done,,3,,6,failed,exception,,done,,99,skipped,,,
14522741_ROSE MARTIN 5_1394126,s3://osu-well-records-225989338968/pdfs/ExportedFolderContents_10/1990/02 - February/14522741_ROSE MARTIN 5_1394126.pdf,10,1990,02 - February,mid,1990s,county,county,exception,County extraction failed: exception,done,not_detected,99,done,,,1S,,failed,exception,,skipped,,,skipped,,,
12921491_SPROWLS 2-5_486741,s3://osu-well-records-225989338968/pdfs/ExportedFolderContents_10/1990/04 - April/12921491_SPROWLS 2-5_486741.pdf,10,1990,04 - April,mid,1990s,county,county,api_error,County extraction failed: api_error,done,not_detected,99,done,,,7S,,failed,api_error,,skipped,,,skipped,,,
13922350B_WAR PARTY WATERFLOOD II DAVIS-HITCH 7-2_1808962,s3://osu-well-records-225989338968/pdfs/ExportedFolderContents_10/1990/10 - October/13922350B_WAR PARTY WATERFLOOD II DAVIS-HITCH 7-2_1808962.pdf,10,1990,10 - October,mid,1990s,county,county,exception,County extraction failed: exception,done,,98,done,,,,,failed,exception,,done,,98,skipped,,,
13920577_GIBSON A-2_756150,s3://osu-well-records-225989338968/pdfs/ExportedFolderContents_10/1991/01 - January/13920577_GIBSON A-2_756150.pdf,10,1991,01 - January,mid,1990s,county,county,exception,County extraction failed: exception,done,not_detected,100,done,,,,,failed,exception,,skipped,,,skipped,,,
15121852_GERTRUDE 2-1_1703088,s3://osu-well-records-225989338968/pdfs/ExportedFolderContents_10/1991/01 - January/15121852_GERTRUDE 2-1_1703088.pdf,10,1991,01 - January,mid,1990s,county,county,exception,County extraction failed: exception,done,not_detected,97,done,,,,,failed,exception,,skipped,,,skipped,,,
13922352D_W HOUGH MORROW UNIT 100_756551,s3://osu-well-records-225989338968/pdfs/ExportedFolderContents_10/1991/05 - May/13922352D_W HOUGH MORROW UNIT 100_756551.pdf,10,1991,05 - May,mid,1990s,county,county,keyword_not_found,County extraction failed: keyword_not_found,done,,100,done,,,,,failed,keyword_not_found,,done,,98,skipped,,,
15130027_STEWART 1_1588519,s3://osu-well-records-225989338968/pdfs/ExportedFolderContents_10/1991/05 - May/15130027_STEWART 1_1588519.pdf,10,1991,05 - May,mid,1990s,county,county,exception,County extraction failed: exception,done,not_detected,89,done,,,,13W,failed,exception,,skipped,,,skipped,,,
14726352_NETTIE ARMSTRONG 4_1517303,s3://osu-well-records-225989338968/pdfs/ExportedFolderContents_10/1991/09 - September/14726352_NETTIE ARMSTRONG 4_1517303.pdf,10,1991,09 - September,mid,1990s,county,county,exception,County extraction failed: exception,done,not_detected,98,done,,,,,failed,exception,,skipped,,,skipped,,,
14726352_NETTIE ARMSTRONG 4_1517304,s3://osu-well-records-225989338968/pdfs/ExportedFolderContents_10/1991/09 - September/14726352_NETTIE ARMSTRONG 4_1517304.pdf,10,1991,09 - September,mid,1990s,county,county,exception,County extraction failed: exception,done,not_detected,98,done,,,,,failed,exception,,skipped,,,skipped,,,
14726352_NETTIE ARMSTRONG 4_548193,s3://osu-well-records-225989338968/pdfs/ExportedFolderContents_10/1991/09 - September/14726352_NETTIE ARMSTRONG 4_548193.pdf,10,1991,09 - September,mid,1990s,county,county,exception,County extraction failed: exception,done,not_detected,98,done,,,,,failed,exception,,skipped,,,skipped,,,
