collection,year,month,local_count,s3_count,diff,status
1,1911,01 - January,43,43,0,OK
1,1911,02 - February,25,25,0,OK
1,1911,03 - March,50,50,0,OK
1,1911,04 - April,40,40,0,OK
1,1911,05 - May,34,34,0,OK
1,1911,06 - June,28,28,0,OK
1,1911,07 - July,32,32,0,OK
1,1911,08 - August,33,33,0,OK
1,1911,09 - September,30,30,0,OK
1,1911,10 - October,25,25,0,OK
1,1911,11 - November,23,23,0,OK
1,1911,12 - December,34,34,0,OK
1,1912,01 - January,58,58,0,OK
1,1912,02 - February,31,31,0,OK
1,1912,03 - March,31,31,0,OK
1,1912,04 - April,43,43,0,OK
1,1912,05 - May,60,60,0,OK
1,1912,06 - June,44,44,0,OK
1,1912,07 - July,55,55,0,OK
1,1912,08 - August,53,53,0,OK
1,1912,09 - September,49,49,0,OK
1,1912,10 - October,48,48,0,OK
1,1912,11 - November,51,51,0,OK
1,1912,12 - December,68,68,0,OK
1,1913,01 - January,114,114,0,OK
1,1913,02 - February,50,50,0,OK
1,1913,03 - March,73,73,0,OK
1,1913,04 - April,76,76,0,OK
1,1913,05 - May,83,83,0,OK
1,1913,06 - June,82,82,0,OK
1,1913,07 - July,69,69,0,OK
1,1913,08 - August,68,68,0,OK
1,1913,09 - September,78,78,0,OK
1,1913,10 - October,86,86,0,OK
1,1913,11 - November,92,92,0,OK
1,1913,12 - December,69,69,0,OK
1,1914,01 - January,129,129,0,OK
1,1914,02 - February,74,74,0,OK
1,1914,03 - March,144,144,0,OK
1,1914,04 - April,126,126,0,OK
1,1914,05 - May,101,101,0,OK
1,1914,06 - June,101,101,0,OK
1,1914,07 - July,84,84,0,OK
1,1914,08 - August,54,54,0,OK
1,1914,09 - September,56,56,0,OK
1,1914,10 - October,54,54,0,OK
1,1914,11 - November,40,40,0,OK
1,1914,12 - December,43,43,0,OK
1,1915,01 - January,93,93,0,OK
1,1915,02 - February,60,60,0,OK
1,1915,03 - March,70,70,0,OK
1,1915,04 - April,58,58,0,OK
1,1915,05 - May,68,68,0,OK
1,1915,06 - June,77,77,0,OK
1,1915,07 - July,80,80,0,OK
1,1915,08 - August,82,82,0,OK
1,1915,09 - September,158,158,0,OK
1,1915,10 - October,241,241,0,OK
1,1915,11 - November,296,296,0,OK
1,1915,12 - December,323,323,0,OK
1,1916,01 - January,299,299,0,OK
1,1916,02 - February,272,272,0,OK
1,1916,03 - March,448,448,0,OK
1,1916,04 - April,427,427,0,OK
1,1916,05 - May,438,438,0,OK
1,1916,06 - June,417,417,0,OK
1,1916,07 - July,352,352,0,OK
1,1916,08 - August,281,281,0,OK
1,1916,09 - September,242,242,0,OK
1,1916,10 - October,261,261,0,OK
1,1916,11 - November,234,234,0,OK
1,1916,12 - December,292,292,0,OK
1,1917,01 - January,393,393,0,OK
1,1917,02 - February,324,324,0,OK
1,1917,03 - March,461,461,0,OK
1,1917,04 - April,431,431,0,OK
1,1917,05 - May,496,496,0,OK
1,1917,06 - June,422,422,0,OK
1,1917,07 - July,399,399,0,OK
1,1917,08 - August,388,388,0,OK
1,1917,09 - September,373,373,0,OK
1,1917,10 - October,394,394,0,OK
1,1917,11 - November,359,359,0,OK
1,1917,12 - December,297,297,0,OK
1,1918,01 - January,247,247,0,OK
1,1918,02 - February,362,362,0,OK
1,1918,03 - March,455,455,0,OK
1,1918,04 - April,419,419,0,OK
1,1918,05 - May,500,500,0,OK
1,1918,06 - June,450,450,0,OK
1,1918,07 - July,419,419,0,OK
1,1918,08 - August,358,358,0,OK
1,1918,09 - September,351,351,0,OK
1,1918,10 - October,315,315,0,OK
1,1918,11 - November,306,306,0,OK
1,1918,12 - December,292,292,0,OK
1,1919,01 - January,329,329,0,OK
1,1919,02 - February,260,260,0,OK
1,1919,03 - March,415,415,0,OK
1,1919,04 - April,389,389,0,OK
1,1919,05 - May,463,463,0,OK
1,1919,06 - June,427,427,0,OK
1,1919,07 - July,425,425,0,OK
1,1919,08 - August,447,447,0,OK
1,1919,09 - September,450,450,0,OK
1,1919,10 - October,373,373,0,OK
1,1919,11 - November,384,384,0,OK
1,1919,12 - December,361,361,0,OK
1,1920,01 - January,420,420,0,OK
1,1920,02 - February,448,448,0,OK
1,1920,03 - March,550,550,0,OK
1,1920,04 - April,675,675,0,OK
1,1920,05 - May,650,650,0,OK
1,1920,06 - June,709,709,0,OK
1,1920,07 - July,663,663,0,OK
1,1920,08 - August,672,672,0,OK
1,1920,09 - September,666,666,0,OK
1,1920,10 - October,609,609,0,OK
1,1920,11 - November,664,664,0,OK
1,1920,12 - December,581,581,0,OK
1,1921,01 - January,563,563,0,OK
1,1921,02 - February,412,412,0,OK
1,1921,03 - March,372,372,0,OK
1,1921,04 - April,398,398,0,OK
1,1921,05 - May,434,434,0,OK
1,1921,06 - June,388,388,0,OK
1,1921,07 - July,350,350,0,OK
1,1921,08 - August,253,253,0,OK
1,1921,09 - September,250,250,0,OK
1,1921,10 - October,291,291,0,OK
1,1921,11 - November,280,280,0,OK
1,1921,12 - December,345,345,0,OK
1,1922,01 - January,402,402,0,OK
1,1922,02 - February,438,438,0,OK
1,1922,03 - March,466,466,0,OK
1,1922,04 - April,491,491,0,OK
1,1922,05 - May,566,566,0,OK
1,1922,06 - June,610,610,0,OK
1,1922,07 - July,605,605,0,OK
1,1922,08 - August,561,561,0,OK
1,1922,09 - September,459,459,0,OK
1,1922,10 - October,417,417,0,OK
1,1922,11 - November,408,408,0,OK
1,1922,12 - December,433,433,0,OK
1,1923,01 - January,463,463,0,OK
1,1923,02 - February,417,417,0,OK
1,1923,03 - March,504,504,0,OK
1,1923,04 - April,680,680,0,OK
1,1923,05 - May,699,699,0,OK
1,1923,06 - June,607,607,0,OK
1,1923,07 - July,516,516,0,OK
1,1923,08 - August,421,421,0,OK
1,1923,09 - September,258,258,0,OK
1,1923,10 - October,232,232,0,OK
1,1923,11 - November,239,239,0,OK
1,1923,12 - December,273,273,0,OK
1,1924,01 - January,269,269,0,OK
1,1924,02 - February,300,300,0,OK
1,1924,03 - March,434,434,0,OK
1,1924,04 - April,487,487,0,OK
1,1924,05 - May,494,494,0,OK
1,1924,06 - June,472,472,0,OK
1,1924,07 - July,447,447,0,OK
1,1924,08 - August,361,361,0,OK
1,1924,09 - September,335,335,0,OK
1,1924,10 - October,322,322,0,OK
1,1924,11 - November,382,382,0,OK
1,1924,12 - December,308,308,0,OK
1,1925,01 - January,346,346,0,OK
1,1925,02 - February,361,361,0,OK
1,1925,03 - March,460,460,0,OK
1,1925,04 - April,546,546,0,OK
1,1925,05 - May,487,487,0,OK
1,1925,06 - June,458,458,0,OK
1,1925,07 - July,495,495,0,OK
1,1925,08 - August,450,450,0,OK
1,1925,09 - September,417,417,0,OK
1,1925,10 - October,343,343,0,OK
1,1925,11 - November,387,387,0,OK
1,1925,12 - December,373,373,0,OK
2,1926,01 - January,408,408,0,OK
2,1926,02 - February,385,385,0,OK
2,1926,03 - March,462,462,0,OK
2,1926,04 - April,409,409,0,OK
2,1926,05 - May,487,487,0,OK
2,1926,06 - June,440,440,0,OK
2,1926,07 - July,527,527,0,OK
2,1926,08 - August,446,446,0,OK
2,1926,09 - September,412,412,0,OK
2,1926,10 - October,407,407,0,OK
2,1926,11 - November,427,427,0,OK
2,1926,12 - December,441,441,0,OK
2,1927,01 - January,408,408,0,OK
2,1927,02 - February,372,372,0,OK
2,1927,03 - March,443,443,0,OK
2,1927,04 - April,381,381,0,OK
2,1927,05 - May,420,420,0,OK
2,1927,06 - June,377,377,0,OK
2,1927,07 - July,378,378,0,OK
2,1927,08 - August,367,367,0,OK
2,1927,09 - September,341,341,0,OK
2,1927,10 - October,403,403,0,OK
2,1927,11 - November,323,323,0,OK
2,1927,12 - December,307,307,0,OK
2,1928,01 - January,287,287,0,OK
2,1928,02 - February,306,306,0,OK
2,1928,03 - March,296,296,0,OK
2,1928,04 - April,315,315,0,OK
2,1928,05 - May,342,342,0,OK
2,1928,06 - June,299,299,0,OK
2,1928,07 - July,345,345,0,OK
2,1928,08 - August,388,388,0,OK
2,1928,09 - September,357,357,0,OK
2,1928,10 - October,385,385,0,OK
2,1928,11 - November,329,329,0,OK
2,1928,12 - December,355,355,0,OK
2,1929,01 - January,332,332,0,OK
2,1929,02 - February,302,302,0,OK
2,1929,03 - March,346,346,0,OK
2,1929,04 - April,339,339,0,OK
2,1929,05 - May,332,332,0,OK
2,1929,06 - June,294,294,0,OK
2,1929,07 - July,329,329,0,OK
2,1929,08 - August,311,311,0,OK
2,1929,09 - September,376,376,0,OK
2,1929,10 - October,339,339,0,OK
2,1929,11 - November,340,340,0,OK
2,1929,12 - December,316,316,0,OK
2,1930,01 - January,249,249,0,OK
2,1930,02 - February,263,263,0,OK
2,1930,03 - March,369,369,0,OK
2,1930,04 - April,390,390,0,OK
2,1930,05 - May,375,375,0,OK
2,1930,06 - June,381,381,0,OK
2,1930,07 - July,345,345,0,OK
2,1930,08 - August,365,365,0,OK
2,1930,09 - September,299,299,0,OK
2,1930,10 - October,254,254,0,OK
2,1930,11 - November,200,200,0,OK
2,1930,12 - December,168,168,0,OK
2,1931,01 - January,158,158,0,OK
2,1931,02 - February,124,124,0,OK
2,1931,03 - March,89,89,0,OK
2,1931,04 - April,81,81,0,OK
2,1931,05 - May,95,95,0,OK
2,1931,06 - June,70,70,0,OK
2,1931,07 - July,52,52,0,OK
2,1931,08 - August,62,62,0,OK
2,1931,09 - September,46,46,0,OK
2,1931,10 - October,45,45,0,OK
2,1931,11 - November,36,36,0,OK
2,1931,12 - December,52,52,0,OK
2,1932,01 - January,70,70,0,OK
2,1932,02 - February,63,63,0,OK
2,1932,03 - March,57,57,0,OK
2,1932,04 - April,67,67,0,OK
2,1932,05 - May,82,82,0,OK
2,1932,06 - June,81,81,0,OK
2,1932,07 - July,88,88,0,OK
2,1932,08 - August,94,94,0,OK
2,1932,09 - September,93,93,0,OK
2,1932,10 - October,104,104,0,OK
2,1932,11 - November,86,86,0,OK
2,1932,12 - December,73,73,0,OK
2,1933,01 - January,89,89,0,OK
2,1933,02 - February,53,53,0,OK
2,1933,03 - March,96,96,0,OK
2,1933,04 - April,76,76,0,OK
2,1933,05 - May,73,73,0,OK
2,1933,06 - June,65,65,0,OK
2,1933,07 - July,72,72,0,OK
2,1933,08 - August,71,71,0,OK
2,1933,09 - September,103,103,0,OK
2,1933,10 - October,112,112,0,OK
2,1933,11 - November,122,122,0,OK
2,1933,12 - December,148,148,0,OK
2,1934,01 - January,126,126,0,OK
2,1934,02 - February,141,141,0,OK
2,1934,03 - March,135,135,0,OK
2,1934,04 - April,195,195,0,OK
2,1934,05 - May,187,187,0,OK
2,1934,06 - June,215,215,0,OK
2,1934,07 - July,172,172,0,OK
2,1934,08 - August,151,151,0,OK
2,1934,09 - September,134,134,0,OK
2,1934,10 - October,144,144,0,OK
2,1934,11 - November,143,143,0,OK
2,1934,12 - December,138,138,0,OK
2,1935,01 - January,158,158,0,OK
2,1935,02 - February,129,129,0,OK
2,1935,03 - March,234,234,0,OK
2,1935,04 - April,213,213,0,OK
2,1935,05 - May,217,217,0,OK
2,1935,06 - June,194,194,0,OK
2,1935,07 - July,280,280,0,OK
2,1935,08 - August,292,292,0,OK
2,1935,09 - September,270,270,0,OK
2,1935,10 - October,283,283,0,OK
2,1935,11 - November,223,223,0,OK
2,1935,12 - December,259,259,0,OK
2,1936,01 - January,261,261,0,OK
2,1936,02 - February,213,213,0,OK
2,1936,03 - March,334,334,0,OK
2,1936,04 - April,320,320,0,OK
2,1936,05 - May,381,381,0,OK
2,1936,06 - June,444,444,0,OK
2,1936,07 - July,405,405,0,OK
2,1936,08 - August,360,360,0,OK
2,1936,09 - September,325,325,0,OK
2,1936,10 - October,343,343,0,OK
2,1936,11 - November,338,338,0,OK
2,1936,12 - December,355,355,0,OK
2,1937,01 - January,298,298,0,OK
2,1937,02 - February,332,332,0,OK
2,1937,03 - March,408,408,0,OK
2,1937,04 - April,467,467,0,OK
2,1937,05 - May,420,420,0,OK
2,1937,06 - June,413,413,0,OK
2,1937,07 - July,429,429,0,OK
2,1937,08 - August,348,348,0,OK
2,1937,09 - September,367,367,0,OK
2,1937,10 - October,293,293,0,OK
2,1937,11 - November,283,283,0,OK
2,1937,12 - December,267,267,0,OK
2,1938,01 - January,278,278,0,OK
2,1938,02 - February,249,249,0,OK
2,1938,03 - March,284,284,0,OK
2,1938,04 - April,303,303,0,OK
2,1938,05 - May,298,298,0,OK
2,1938,06 - June,255,255,0,OK
2,1938,07 - July,260,260,0,OK
2,1938,08 - August,263,263,0,OK
2,1938,09 - September,263,263,0,OK
2,1938,10 - October,230,230,0,OK
2,1938,11 - November,221,221,0,OK
2,1938,12 - December,234,234,0,OK
2,1939,01 - January,247,247,0,OK
2,1939,02 - February,191,191,0,OK
2,1939,03 - March,239,239,0,OK
2,1939,04 - April,251,251,0,OK
2,1939,05 - May,299,299,0,OK
2,1939,06 - June,294,294,0,OK
2,1939,07 - July,244,244,0,OK
2,1939,08 - August,227,227,0,OK
2,1939,09 - September,215,215,0,OK
2,1939,10 - October,272,272,0,OK
2,1939,11 - November,258,258,0,OK
2,1939,12 - December,270,270,0,OK
2,1940,01 - January,206,206,0,OK
2,1940,02 - February,216,216,0,OK
2,1940,03 - March,257,257,0,OK
2,1940,04 - April,268,268,0,OK
2,1940,05 - May,271,271,0,OK
2,1940,06 - June,245,245,0,OK
2,1940,07 - July,226,226,0,OK
2,1940,08 - August,231,231,0,OK
2,1940,09 - September,224,224,0,OK
2,1940,10 - October,268,268,0,OK
2,1940,11 - November,266,266,0,OK
2,1940,12 - December,295,295,0,OK
3,1941,01 - January,245,245,0,OK
3,1941,02 - February,210,210,0,OK
3,1941,03 - March,273,273,0,OK
3,1941,04 - April,283,283,0,OK
3,1941,05 - May,285,285,0,OK
3,1941,06 - June,288,288,0,OK
3,1941,07 - July,357,357,0,OK
3,1941,08 - August,297,297,0,OK
3,1941,09 - September,287,287,0,OK
3,1941,10 - October,238,238,0,OK
3,1941,11 - November,257,257,0,OK
3,1941,12 - December,280,280,0,OK
3,1942,01 - January,236,236,0,OK
3,1942,02 - February,144,144,0,OK
3,1942,03 - March,152,152,0,OK
3,1942,04 - April,148,148,0,OK
3,1942,05 - May,161,161,0,OK
3,1942,06 - June,159,159,0,OK
3,1942,07 - July,202,202,0,OK
3,1942,08 - August,198,198,0,OK
3,1942,09 - September,187,187,0,OK
3,1942,10 - October,201,201,0,OK
3,1942,11 - November,170,170,0,OK
3,1942,12 - December,173,173,0,OK
3,1943,01 - January,160,160,0,OK
3,1943,02 - February,153,153,0,OK
3,1943,03 - March,132,132,0,OK
3,1943,04 - April,154,154,0,OK
3,1943,05 - May,124,124,0,OK
3,1943,06 - June,164,164,0,OK
3,1943,07 - July,175,175,0,OK
3,1943,08 - August,193,193,0,OK
3,1943,09 - September,205,205,0,OK
3,1943,10 - October,192,192,0,OK
3,1943,11 - November,195,195,0,OK
3,1943,12 - December,185,185,0,OK
3,1944,01 - January,190,190,0,OK
3,1944,02 - February,199,199,0,OK
3,1944,03 - March,204,204,0,OK
3,1944,04 - April,203,203,0,OK
3,1944,05 - May,228,228,0,OK
3,1944,06 - June,245,245,0,OK
3,1944,07 - July,236,236,0,OK
3,1944,08 - August,288,288,0,OK
3,1944,09 - September,314,314,0,OK
3,1944,10 - October,268,268,0,OK
3,1944,11 - November,296,296,0,OK
3,1944,12 - December,241,241,0,OK
3,1945,01 - January,268,268,0,OK
3,1945,02 - February,253,253,0,OK
3,1945,03 - March,243,243,0,OK
3,1945,04 - April,266,266,0,OK
3,1945,05 - May,335,335,0,OK
3,1945,06 - June,273,273,0,OK
3,1945,07 - July,296,296,0,OK
3,1945,08 - August,300,300,0,OK
3,1945,09 - September,273,273,0,OK
3,1945,10 - October,245,245,0,OK
3,1945,11 - November,280,280,0,OK
3,1945,12 - December,293,293,0,OK
3,1946,01 - January,271,271,0,OK
3,1946,02 - February,236,236,0,OK
3,1946,03 - March,253,253,0,OK
3,1946,04 - April,294,294,0,OK
3,1946,05 - May,310,310,0,OK
3,1946,06 - June,356,356,0,OK
3,1946,07 - July,400,400,0,OK
3,1946,08 - August,412,412,0,OK
3,1946,09 - September,437,437,0,OK
3,1946,10 - October,586,586,0,OK
3,1946,11 - November,432,432,0,OK
3,1946,12 - December,426,426,0,OK
3,1947,01 - January,412,412,0,OK
3,1947,02 - February,475,475,0,OK
3,1947,03 - March,449,449,0,OK
3,1947,04 - April,444,444,0,OK
3,1947,05 - May,454,454,0,OK
3,1947,06 - June,560,560,0,OK
3,1947,07 - July,495,495,0,OK
3,1947,08 - August,464,464,0,OK
3,1947,09 - September,471,471,0,OK
3,1947,10 - October,451,451,0,OK
3,1947,11 - November,432,432,0,OK
3,1947,12 - December,428,428,0,OK
3,1948,01 - January,393,393,0,OK
3,1948,02 - February,368,368,0,OK
3,1948,03 - March,375,375,0,OK
3,1948,04 - April,510,510,0,OK
3,1948,05 - May,460,460,0,OK
3,1948,06 - June,458,458,0,OK
3,1948,07 - July,490,490,0,OK
3,1948,08 - August,460,460,0,OK
3,1948,09 - September,495,495,0,OK
3,1948,10 - October,514,514,0,OK
3,1948,11 - November,423,423,0,OK
3,1948,12 - December,489,489,0,OK
3,1949,01 - January,359,359,0,OK
3,1949,02 - February,299,299,0,OK
3,1949,03 - March,509,509,0,OK
3,1949,04 - April,520,520,0,OK
3,1949,05 - May,454,454,0,OK
3,1949,06 - June,479,479,0,OK
3,1949,07 - July,494,494,0,OK
3,1949,08 - August,451,451,0,OK
3,1949,09 - September,411,411,0,OK
3,1949,10 - October,473,473,0,OK
3,1949,11 - November,487,487,0,OK
3,1949,12 - December,503,503,0,OK
3,1950,01 - January,517,517,0,OK
3,1950,02 - February,470,470,0,OK
3,1950,03 - March,574,574,0,OK
3,1950,04 - April,610,610,0,OK
3,1950,05 - May,553,553,0,OK
3,1950,06 - June,646,646,0,OK
3,1950,07 - July,577,577,0,OK
3,1950,08 - August,645,645,0,OK
3,1950,09 - September,615,615,0,OK
3,1950,10 - October,625,625,0,OK
3,1950,11 - November,633,633,0,OK
3,1950,12 - December,558,558,0,OK
4,1941,01 - January,245,245,0,OK
4,1941,02 - February,210,210,0,OK
4,1941,03 - March,273,273,0,OK
4,1941,04 - April,283,283,0,OK
4,1941,05 - May,285,285,0,OK
4,1941,06 - June,288,288,0,OK
4,1941,07 - July,357,357,0,OK
4,1941,08 - August,297,297,0,OK
4,1941,09 - September,287,287,0,OK
4,1941,10 - October,238,238,0,OK
4,1941,11 - November,257,257,0,OK
4,1941,12 - December,280,280,0,OK
4,1942,01 - January,236,236,0,OK
4,1942,02 - February,144,144,0,OK
4,1942,03 - March,152,152,0,OK
4,1942,04 - April,148,148,0,OK
4,1942,05 - May,161,161,0,OK
4,1942,06 - June,159,159,0,OK
4,1942,07 - July,202,202,0,OK
4,1942,08 - August,198,198,0,OK
4,1942,09 - September,187,187,0,OK
4,1942,10 - October,201,201,0,OK
4,1942,11 - November,170,170,0,OK
4,1942,12 - December,173,173,0,OK
4,1951,01 - January,590,590,0,OK
4,1951,02 - February,450,450,0,OK
4,1951,03 - March,589,589,0,OK
4,1951,04 - April,577,577,0,OK
4,1951,05 - May,650,650,0,OK
4,1951,06 - June,573,573,0,OK
4,1951,07 - July,605,605,0,OK
4,1951,08 - August,626,626,0,OK
4,1951,09 - September,584,584,0,OK
4,1951,10 - October,660,660,0,OK
4,1951,11 - November,557,557,0,OK
4,1951,12 - December,656,656,0,OK
4,1952,01 - January,706,706,0,OK
4,1952,02 - February,616,616,0,OK
4,1952,03 - March,637,637,0,OK
4,1952,04 - April,637,637,0,OK
4,1952,05 - May,651,651,0,OK
4,1952,06 - June,658,658,0,OK
4,1952,07 - July,700,700,0,OK
4,1952,08 - August,628,628,0,OK
4,1952,09 - September,608,608,0,OK
4,1952,10 - October,756,756,0,OK
4,1952,11 - November,653,653,0,OK
4,1952,12 - December,751,751,0,OK
4,1953,01 - January,824,824,0,OK
4,1953,02 - February,708,708,0,OK
4,1953,03 - March,839,839,0,OK
4,1953,04 - April,829,829,0,OK
4,1953,05 - May,935,935,0,OK
4,1953,06 - June,877,877,0,OK
4,1953,07 - July,829,829,0,OK
4,1953,08 - August,905,905,0,OK
4,1953,09 - September,908,908,0,OK
4,1953,10 - October,948,948,0,OK
4,1953,11 - November,898,898,0,OK
4,1953,12 - December,1065,1065,0,OK
4,1954,01 - January,1032,1032,0,OK
4,1954,02 - February,1019,1019,0,OK
4,1954,03 - March,1116,1116,0,OK
4,1954,04 - April,1083,1083,0,OK
4,1954,05 - May,1013,1013,0,OK
4,1954,06 - June,988,988,0,OK
4,1954,07 - July,1004,1004,0,OK
4,1954,08 - August,962,962,0,OK
4,1954,09 - September,892,892,0,OK
4,1954,10 - October,904,904,0,OK
4,1954,11 - November,864,864,0,OK
4,1954,12 - December,914,914,0,OK
4,1955,01 - January,875,875,0,OK
4,1955,02 - February,760,760,0,OK
4,1955,03 - March,896,896,0,OK
4,1955,04 - April,979,979,0,OK
4,1955,05 - May,941,941,0,OK
4,1955,06 - June,988,988,0,OK
4,1955,07 - July,949,949,0,OK
4,1955,08 - August,967,967,0,OK
4,1955,09 - September,883,883,0,OK
4,1955,10 - October,913,913,0,OK
4,1955,11 - November,948,948,0,OK
4,1955,12 - December,984,984,0,OK
5,1956,01 - January,870,870,0,OK
5,1956,02 - February,804,804,0,OK
5,1956,03 - March,952,952,0,OK
5,1956,04 - April,1023,1023,0,OK
5,1956,05 - May,957,957,0,OK
5,1956,06 - June,921,921,0,OK
5,1956,07 - July,845,845,0,OK
5,1956,08 - August,861,861,0,OK
5,1956,09 - September,808,808,0,OK
5,1956,10 - October,811,811,0,OK
5,1956,11 - November,798,798,0,OK
5,1956,12 - December,907,907,0,OK
5,1957,01 - January,725,725,0,OK
5,1957,02 - February,617,617,0,OK
5,1957,03 - March,750,750,0,OK
5,1957,04 - April,619,619,0,OK
5,1957,05 - May,647,647,0,OK
5,1957,06 - June,646,646,0,OK
5,1957,07 - July,808,808,0,OK
5,1957,08 - August,809,809,0,OK
5,1957,09 - September,779,779,0,OK
5,1957,10 - October,760,760,0,OK
5,1957,11 - November,696,696,0,OK
5,1957,12 - December,833,833,0,OK
5,1958,01 - January,667,667,0,OK
5,1958,02 - February,647,647,0,OK
5,1958,03 - March,609,609,0,OK
5,1958,04 - April,691,691,0,OK
5,1958,05 - May,732,732,0,OK
5,1958,06 - June,686,686,0,OK
5,1958,07 - July,711,711,0,OK
5,1958,08 - August,787,787,0,OK
5,1958,09 - September,689,689,0,OK
5,1958,10 - October,772,772,0,OK
5,1958,11 - November,720,720,0,OK
5,1958,12 - December,704,704,0,OK
5,1959,01 - January,664,664,0,OK
5,1959,02 - February,626,626,0,OK
5,1959,03 - March,753,753,0,OK
5,1959,04 - April,815,815,0,OK
5,1959,05 - May,718,718,0,OK
5,1959,06 - June,717,717,0,OK
5,1959,07 - July,674,674,0,OK
5,1959,08 - August,635,635,0,OK
5,1959,09 - September,615,615,0,OK
5,1959,10 - October,639,639,0,OK
5,1959,11 - November,722,722,0,OK
5,1959,12 - December,689,689,0,OK
5,1960,01 - January,433,433,0,OK
5,1960,02 - February,465,465,0,OK
5,1960,03 - March,448,448,0,OK
5,1960,04 - April,615,615,0,OK
5,1960,05 - May,604,604,0,OK
5,1960,06 - June,585,585,0,OK
5,1960,07 - July,545,545,0,OK
5,1960,08 - August,567,567,0,OK
5,1960,09 - September,525,525,0,OK
5,1960,10 - October,526,526,0,OK
5,1960,11 - November,535,535,0,OK
5,1960,12 - December,562,562,0,OK
6,1961,01 - January,535,535,0,OK
6,1961,02 - February,461,461,0,OK
6,1961,03 - March,519,519,0,OK
6,1961,04 - April,528,528,0,OK
6,1961,05 - May,576,576,0,OK
6,1961,06 - June,665,665,0,OK
6,1961,07 - July,566,566,0,OK
6,1961,08 - August,663,663,0,OK
6,1961,09 - September,550,550,0,OK
6,1961,10 - October,617,617,0,OK
6,1961,11 - November,539,539,0,OK
6,1961,12 - December,559,559,0,OK
6,1962,01 - January,468,468,0,OK
6,1962,02 - February,556,556,0,OK
6,1962,03 - March,508,508,0,OK
6,1962,04 - April,539,539,0,OK
6,1962,05 - May,628,628,0,OK
6,1962,06 - June,536,536,0,OK
6,1962,07 - July,495,495,0,OK
6,1962,08 - August,585,585,0,OK
6,1962,09 - September,533,533,0,OK
6,1962,10 - October,577,577,0,OK
6,1962,11 - November,528,528,0,OK
6,1962,12 - December,533,533,0,OK
6,1963,01 - January,432,432,0,OK
6,1963,02 - February,467,467,0,OK
6,1963,03 - March,453,453,0,OK
6,1963,04 - April,537,537,0,OK
6,1963,05 - May,559,559,0,OK
6,1963,06 - June,529,529,0,OK
6,1963,07 - July,494,494,0,OK
6,1963,08 - August,525,525,0,OK
6,1963,09 - September,479,479,0,OK
6,1963,10 - October,505,505,0,OK
6,1963,11 - November,503,503,0,OK
6,1963,12 - December,507,507,0,OK
6,1964,01 - January,524,524,0,OK
6,1964,02 - February,480,480,0,OK
6,1964,03 - March,549,549,0,OK
6,1964,04 - April,612,612,0,OK
6,1964,05 - May,518,518,0,OK
6,1964,06 - June,516,516,0,OK
6,1964,07 - July,568,568,0,OK
6,1964,08 - August,450,450,0,OK
6,1964,09 - September,492,492,0,OK
6,1964,10 - October,561,561,0,OK
6,1964,11 - November,474,474,0,OK
6,1964,12 - December,584,584,0,OK
6,1965,01 - January,546,546,0,OK
6,1965,02 - February,445,445,0,OK
6,1965,03 - March,507,507,0,OK
6,1965,04 - April,484,484,0,OK
6,1965,05 - May,506,506,0,OK
6,1965,06 - June,464,464,0,OK
6,1965,07 - July,541,541,0,OK
6,1965,08 - August,507,507,0,OK
6,1965,09 - September,554,554,0,OK
6,1965,10 - October,549,549,0,OK
6,1965,11 - November,546,546,0,OK
6,1965,12 - December,611,611,0,OK
6,1966,01 - January,471,471,0,OK
6,1966,02 - February,378,378,0,OK
6,1966,03 - March,487,487,0,OK
6,1966,04 - April,439,439,0,OK
6,1966,05 - May,388,388,0,OK
6,1966,06 - June,425,425,0,OK
6,1966,07 - July,435,435,0,OK
6,1966,08 - August,360,360,0,OK
6,1966,09 - September,399,399,0,OK
6,1966,10 - October,418,418,0,OK
6,1966,11 - November,406,406,0,OK
6,1966,12 - December,388,388,0,OK
6,1967,01 - January,426,426,0,OK
6,1967,02 - February,349,349,0,OK
6,1967,03 - March,377,377,0,OK
6,1967,04 - April,358,358,0,OK
6,1967,05 - May,355,355,0,OK
6,1967,06 - June,386,386,0,OK
6,1967,07 - July,341,341,0,OK
6,1967,08 - August,377,377,0,OK
6,1967,09 - September,340,340,0,OK
6,1967,10 - October,369,369,0,OK
6,1967,11 - November,354,354,0,OK
6,1967,12 - December,396,396,0,OK
6,1968,01 - January,309,309,0,OK
6,1968,02 - February,309,309,0,OK
6,1968,03 - March,280,280,0,OK
6,1968,04 - April,335,335,0,OK
6,1968,05 - May,331,331,0,OK
6,1968,06 - June,371,371,0,OK
6,1968,07 - July,331,331,0,OK
6,1968,08 - August,364,364,0,OK
6,1968,09 - September,330,330,0,OK
6,1968,10 - October,420,420,0,OK
6,1968,11 - November,363,363,0,OK
6,1968,12 - December,397,397,0,OK
6,1969,01 - January,400,400,0,OK
6,1969,02 - February,300,300,0,OK
6,1969,03 - March,329,329,0,OK
6,1969,04 - April,401,401,0,OK
6,1969,05 - May,380,380,0,OK
6,1969,06 - June,420,420,0,OK
6,1969,07 - July,454,454,0,OK
6,1969,08 - August,391,391,0,OK
6,1969,09 - September,373,373,0,OK
6,1969,10 - October,379,379,0,OK
6,1969,11 - November,413,413,0,OK
6,1969,12 - December,435,435,0,OK
6,1970,01 - January,287,287,0,OK
6,1970,02 - February,330,330,0,OK
6,1970,03 - March,279,279,0,OK
6,1970,04 - April,319,319,0,OK
6,1970,05 - May,371,371,0,OK
6,1970,06 - June,343,343,0,OK
6,1970,07 - July,344,344,0,OK
6,1970,08 - August,303,303,0,OK
6,1970,09 - September,270,270,0,OK
6,1970,10 - October,267,267,0,OK
6,1970,11 - November,290,290,0,OK
6,1970,12 - December,369,369,0,OK
7,1971,01 - January,372,372,0,OK
7,1971,02 - February,232,232,0,OK
7,1971,03 - March,271,271,0,OK
7,1971,04 - April,296,296,0,OK
7,1971,05 - May,308,308,0,OK
7,1971,06 - June,295,295,0,OK
7,1971,07 - July,321,321,0,OK
7,1971,08 - August,310,310,0,OK
7,1971,09 - September,276,276,0,OK
7,1971,10 - October,297,297,0,OK
7,1971,11 - November,282,282,0,OK
7,1971,12 - December,266,266,0,OK
7,1972,01 - January,359,359,0,OK
7,1972,02 - February,254,254,0,OK
7,1972,03 - March,359,359,0,OK
7,1972,04 - April,301,301,0,OK
7,1972,05 - May,327,327,0,OK
7,1972,06 - June,293,293,0,OK
7,1972,07 - July,241,241,0,OK
7,1972,08 - August,281,281,0,OK
7,1972,09 - September,290,290,0,OK
7,1972,10 - October,327,327,0,OK
7,1972,11 - November,246,246,0,OK
7,1972,12 - December,255,255,0,OK
7,1973,01 - January,214,214,0,OK
7,1973,02 - February,274,274,0,OK
7,1973,03 - March,315,315,0,OK
7,1973,04 - April,227,227,0,OK
7,1973,05 - May,367,367,0,OK
7,1973,06 - June,313,313,0,OK
7,1973,07 - July,320,320,0,OK
7,1973,08 - August,367,367,0,OK
7,1973,09 - September,302,302,0,OK
7,1973,10 - October,337,337,0,OK
7,1973,11 - November,300,300,0,OK
7,1973,12 - December,331,331,0,OK
7,1974,01 - January,345,345,0,OK
7,1974,02 - February,335,335,0,OK
7,1974,03 - March,408,408,0,OK
7,1974,04 - April,338,338,0,OK
7,1974,05 - May,364,364,0,OK
7,1974,06 - June,329,329,0,OK
7,1974,07 - July,414,414,0,OK
7,1974,08 - August,335,335,0,OK
7,1974,09 - September,391,391,0,OK
7,1974,10 - October,356,356,0,OK
7,1974,11 - November,327,327,0,OK
7,1974,12 - December,398,398,0,OK
7,1975,01 - January,425,425,0,OK
7,1975,02 - February,294,294,0,OK
7,1975,03 - March,341,341,0,OK
7,1975,04 - April,445,445,0,OK
7,1975,05 - May,474,474,0,OK
7,1975,06 - June,454,454,0,OK
7,1975,07 - July,483,483,0,OK
7,1975,08 - August,415,415,0,OK
7,1975,09 - September,433,433,0,OK
7,1975,10 - October,510,510,0,OK
7,1975,11 - November,418,418,0,OK
7,1975,12 - December,544,544,0,OK
7,1976,01 - January,554,554,0,OK
7,1976,02 - February,490,490,0,OK
7,1976,03 - March,647,647,0,OK
7,1976,04 - April,489,489,0,OK
7,1976,05 - May,481,481,0,OK
7,1976,06 - June,607,607,0,OK
7,1976,07 - July,527,527,0,OK
7,1976,08 - August,576,576,0,OK
7,1976,09 - September,570,570,0,OK
7,1976,10 - October,563,563,0,OK
7,1976,11 - November,522,522,0,OK
7,1976,12 - December,601,601,0,OK
7,1977,01 - January,509,509,0,OK
7,1977,02 - February,550,550,0,OK
7,1977,03 - March,686,686,0,OK
7,1977,04 - April,585,585,0,OK
7,1977,05 - May,580,580,0,OK
7,1977,06 - June,623,623,0,OK
7,1977,07 - July,632,632,0,OK
7,1977,08 - August,706,706,0,OK
7,1977,09 - September,607,607,0,OK
7,1977,10 - October,690,690,0,OK
7,1977,11 - November,615,615,0,OK
7,1977,12 - December,753,753,0,OK
7,1978,01 - January,561,561,0,OK
7,1978,02 - February,468,468,0,OK
7,1978,03 - March,653,653,0,OK
7,1978,04 - April,747,747,0,OK
7,1978,05 - May,708,708,0,OK
7,1978,06 - June,702,702,0,OK
7,1978,07 - July,723,723,0,OK
7,1978,08 - August,775,775,0,OK
7,1978,09 - September,777,777,0,OK
7,1978,10 - October,879,879,0,OK
7,1978,11 - November,729,729,0,OK
7,1978,12 - December,695,695,0,OK
7,1979,01 - January,562,562,0,OK
7,1979,02 - February,519,519,0,OK
7,1979,03 - March,727,727,0,OK
7,1979,04 - April,692,692,0,OK
7,1979,05 - May,750,750,0,OK
7,1979,06 - June,805,805,0,OK
7,1979,07 - July,878,878,0,OK
7,1979,08 - August,885,885,0,OK
7,1979,09 - September,966,966,0,OK
7,1979,10 - October,1067,1067,0,OK
7,1979,11 - November,995,995,0,OK
7,1979,12 - December,1127,1127,0,OK
8,1980,01 - January,1054,1054,0,OK
8,1980,02 - February,866,866,0,OK
8,1980,03 - March,1024,1024,0,OK
8,1980,04 - April,1162,1162,0,OK
8,1980,05 - May,1156,1156,0,OK
8,1980,06 - June,1162,1162,0,OK
8,1980,07 - July,1250,1250,0,OK
8,1980,08 - August,1264,1264,0,OK
8,1980,09 - September,1260,1260,0,OK
8,1980,10 - October,1423,1423,0,OK
8,1980,11 - November,1203,1203,0,OK
8,1980,12 - December,1316,1316,0,OK
8,1981,01 - January,1501,1501,0,OK
8,1981,02 - February,1313,1313,0,OK
8,1981,03 - March,1530,1530,0,OK
8,1981,04 - April,1680,1680,0,OK
8,1981,05 - May,1627,1627,0,OK
8,1981,06 - June,1576,1576,0,OK
8,1981,07 - July,1620,1620,0,OK
8,1981,08 - August,1803,1803,0,OK
8,1981,09 - September,1659,1659,0,OK
8,1981,10 - October,1595,1595,0,OK
8,1981,11 - November,1523,1523,0,OK
8,1981,12 - December,1692,1692,0,OK
8,1982,01 - January,1510,1510,0,OK
8,1982,02 - February,1193,1193,0,OK
8,1982,03 - March,1907,1907,0,OK
8,1982,04 - April,1647,1647,0,OK
8,1982,05 - May,1271,1271,0,OK
8,1982,06 - June,1149,1149,0,OK
8,1982,07 - July,1491,1491,0,OK
8,1982,08 - August,1393,1393,0,OK
8,1982,09 - September,1189,1189,0,OK
8,1982,10 - October,1197,1197,0,OK
8,1982,11 - November,1136,1136,0,OK
8,1982,12 - December,1115,1115,0,OK
9,1983,01 - January,1250,1250,0,OK
9,1983,02 - February,851,851,0,OK
9,1983,03 - March,1113,1113,0,OK
9,1983,04 - April,928,928,0,OK
9,1983,05 - May,947,947,0,OK
9,1983,06 - June,1042,1042,0,OK
9,1983,07 - July,1092,1092,0,OK
9,1983,08 - August,1190,1190,0,OK
9,1983,09 - September,1045,1045,0,OK
9,1983,10 - October,1055,1055,0,OK
9,1983,11 - November,1124,1124,0,OK
9,1983,12 - December,993,993,0,OK
9,1984,01 - January,1142,1142,0,OK
9,1984,02 - February,1153,1153,0,OK
9,1984,03 - March,1063,1063,0,OK
9,1984,04 - April,1039,1039,0,OK
9,1984,05 - May,1185,1185,0,OK
9,1984,06 - June,1192,1192,0,OK
9,1984,07 - July,1200,1200,0,OK
9,1984,08 - August,1237,1237,0,OK
9,1984,09 - September,1002,1002,0,OK
9,1984,10 - October,1095,1095,0,OK
9,1984,11 - November,1090,1090,0,OK
9,1984,12 - December,1079,1079,0,OK
9,1985,01 - January,982,982,0,OK
9,1985,02 - February,810,810,0,OK
9,1985,03 - March,966,966,0,OK
9,1985,04 - April,955,955,0,OK
9,1985,05 - May,933,933,0,OK
9,1985,06 - June,852,852,0,OK
9,1985,07 - July,1019,1019,0,OK
9,1985,08 - August,1051,1051,0,OK
9,1985,09 - September,854,854,0,OK
9,1985,10 - October,887,887,0,OK
9,1985,11 - November,800,800,0,OK
9,1985,12 - December,866,866,0,OK
9,1986,01 - January,1013,1013,0,OK
9,1986,02 - February,786,786,0,OK
9,1986,03 - March,694,694,0,OK
9,1986,04 - April,569,569,0,OK
9,1986,05 - May,443,443,0,OK
9,1986,06 - June,404,404,0,OK
9,1986,07 - July,424,424,0,OK
9,1986,08 - August,436,436,0,OK
9,1986,09 - September,431,431,0,OK
9,1986,10 - October,420,420,0,OK
9,1986,11 - November,457,457,0,OK
9,1986,12 - December,530,530,0,OK
9,1987,01 - January,428,428,0,OK
9,1987,02 - February,372,372,0,OK
9,1987,03 - March,416,416,0,OK
9,1987,04 - April,437,437,0,OK
9,1987,05 - May,464,464,0,OK
9,1987,06 - June,421,421,0,OK
9,1987,07 - July,542,542,0,OK
9,1987,08 - August,609,609,0,OK
9,1987,09 - September,523,523,0,OK
9,1987,10 - October,632,632,0,OK
9,1987,11 - November,513,513,0,OK
9,1987,12 - December,532,532,0,OK
10,1988,01 - January,381,381,0,OK
10,1988,02 - February,450,450,0,OK
10,1988,03 - March,435,435,0,OK
10,1988,04 - April,433,433,0,OK
10,1988,05 - May,482,482,0,OK
10,1988,06 - June,529,529,0,OK
10,1988,07 - July,423,423,0,OK
10,1988,08 - August,461,461,0,OK
10,1988,09 - September,432,432,0,OK
10,1988,10 - October,412,412,0,OK
10,1988,11 - November,354,354,0,OK
10,1988,12 - December,414,414,0,OK
10,1989,01 - January,386,386,0,OK
10,1989,02 - February,252,252,0,OK
10,1989,03 - March,332,332,0,OK
10,1989,04 - April,429,429,0,OK
10,1989,05 - May,368,368,0,OK
10,1989,06 - June,333,333,0,OK
10,1989,07 - July,387,387,0,OK
10,1989,08 - August,387,387,0,OK
10,1989,09 - September,365,365,0,OK
10,1989,10 - October,399,399,0,OK
10,1989,11 - November,407,407,0,OK
10,1989,12 - December,423,423,0,OK
10,1990,01 - January,460,460,0,OK
10,1990,02 - February,347,347,0,OK
10,1990,03 - March,310,310,0,OK
10,1990,04 - April,293,293,0,OK
10,1990,05 - May,367,367,0,OK
10,1990,06 - June,374,374,0,OK
10,1990,07 - July,396,396,0,OK
10,1990,08 - August,423,423,0,OK
10,1990,09 - September,389,389,0,OK
10,1990,10 - October,471,471,0,OK
10,1990,11 - November,418,418,0,OK
10,1990,12 - December,400,400,0,OK
10,1991,01 - January,374,374,0,OK
10,1991,02 - February,406,406,0,OK
10,1991,03 - March,432,432,0,OK
10,1991,04 - April,376,376,0,OK
10,1991,05 - May,376,376,0,OK
10,1991,06 - June,372,372,0,OK
10,1991,07 - July,346,346,0,OK
10,1991,08 - August,378,378,0,OK
10,1991,09 - September,283,283,0,OK
10,1991,10 - October,348,348,0,OK
10,1991,11 - November,268,268,0,OK
10,1991,12 - December,322,322,0,OK
10,1992,01 - January,250,250,0,OK
10,1992,02 - February,239,239,0,OK
10,1992,03 - March,330,330,0,OK
10,1992,04 - April,254,254,0,OK
10,1992,05 - May,270,270,0,OK
10,1992,06 - June,232,232,0,OK
10,1992,07 - July,282,282,0,OK
10,1992,08 - August,287,287,0,OK
10,1992,09 - September,289,289,0,OK
10,1992,10 - October,314,314,0,OK
10,1992,11 - November,257,257,0,OK
10,1992,12 - December,323,323,0,OK
10,1993,01 - January,250,250,0,OK
10,1993,02 - February,267,267,0,OK
10,1993,03 - March,272,272,0,OK
10,1993,04 - April,253,253,0,OK
10,1993,05 - May,226,226,0,OK
10,1993,06 - June,284,284,0,OK
10,1993,07 - July,271,271,0,OK
10,1993,08 - August,404,404,0,OK
10,1993,09 - September,290,290,0,OK
10,1993,10 - October,314,314,0,OK
10,1993,11 - November,317,317,0,OK
10,1993,12 - December,342,342,0,OK
10,1994,01 - January,280,280,0,OK
10,1994,02 - February,206,206,0,OK
10,1994,03 - March,234,234,0,OK
10,1994,04 - April,239,239,0,OK
10,1994,05 - May,196,196,0,OK
10,1994,06 - June,238,238,0,OK
10,1994,07 - July,261,261,0,OK
10,1994,08 - August,267,267,0,OK
10,1994,09 - September,238,238,0,OK
10,1994,10 - October,270,270,0,OK
10,1994,11 - November,239,239,0,OK
10,1994,12 - December,249,249,0,OK
10,1995,01 - January,280,280,0,OK
10,1995,02 - February,259,259,0,OK
10,1995,03 - March,215,215,0,OK
10,1995,04 - April,217,217,0,OK
10,1995,05 - May,270,270,0,OK
10,1995,06 - June,197,197,0,OK
10,1995,07 - July,223,223,0,OK
10,1995,08 - August,286,286,0,OK
10,1995,09 - September,242,242,0,OK
10,1995,10 - October,277,277,0,OK
10,1995,11 - November,254,254,0,OK
10,1995,12 - December,262,262,0,OK
10,1996,01 - January,281,281,0,OK
10,1996,02 - February,225,225,0,OK
10,1996,03 - March,250,250,0,OK
10,1996,04 - April,237,237,0,OK
10,1996,05 - May,216,216,0,OK
10,1996,06 - June,182,182,0,OK
10,1996,07 - July,244,244,0,OK
10,1996,08 - August,233,233,0,OK
10,1996,09 - September,314,314,0,OK
10,1996,10 - October,349,349,0,OK
10,1996,11 - November,392,392,0,OK
10,1996,12 - December,330,330,0,OK
10,1997,01 - January,359,359,0,OK
10,1997,02 - February,410,410,0,OK
10,1997,03 - March,380,380,0,OK
10,1997,04 - April,455,455,0,OK
10,1997,05 - May,423,423,0,OK
10,1997,06 - June,549,549,0,OK
10,1997,07 - July,465,465,0,OK
10,1997,08 - August,378,378,0,OK
10,1997,09 - September,448,448,0,OK
10,1997,10 - October,545,545,0,OK
10,1997,11 - November,379,379,0,OK
10,1997,12 - December,434,434,0,OK
10,1998,01 - January,498,498,0,OK
10,1998,02 - February,410,410,0,OK
10,1998,03 - March,426,426,0,OK
10,1998,04 - April,398,398,0,OK
10,1998,05 - May,480,480,0,OK
10,1998,06 - June,394,394,0,OK
10,1998,07 - July,453,453,0,OK
10,1998,08 - August,463,463,0,OK
10,1998,09 - September,518,518,0,OK
10,1998,10 - October,432,432,0,OK
10,1998,11 - November,283,283,0,OK
10,1998,12 - December,256,256,0,OK
10,1999,01 - January,209,209,0,OK
10,1999,02 - February,211,211,0,OK
10,1999,03 - March,234,234,0,OK
10,1999,04 - April,237,237,0,OK
10,1999,05 - May,246,246,0,OK
10,1999,06 - June,328,328,0,OK
10,1999,07 - July,340,340,0,OK
10,1999,08 - August,579,579,0,OK
10,1999,09 - September,564,564,0,OK
10,1999,10 - October,583,583,0,OK
10,1999,11 - November,472,472,0,OK
10,1999,12 - December,633,633,0,OK
10,2000,01 - January,332,332,0,OK
10,2000,02 - February,362,362,0,OK
10,2000,03 - March,337,337,0,OK
10,2000,04 - April,258,258,0,OK
10,2000,05 - May,289,289,0,OK
10,2000,06 - June,290,290,0,OK
10,2000,07 - July,333,333,0,OK
10,2000,08 - August,381,381,0,OK
10,2000,09 - September,380,380,0,OK
10,2000,10 - October,419,419,0,OK
10,2000,11 - November,340,340,0,OK
10,2000,12 - December,327,327,0,OK
11,2001,01 - January,349,349,0,OK
11,2001,02 - February,312,312,0,OK
11,2001,03 - March,408,408,0,OK
11,2001,04 - April,414,414,0,OK
11,2001,05 - May,413,413,0,OK
11,2001,06 - June,431,431,0,OK
11,2001,07 - July,438,438,0,OK
11,2001,08 - August,484,484,0,OK
11,2001,09 - September,347,347,0,OK
11,2001,10 - October,367,367,0,OK
11,2001,11 - November,313,313,0,OK
11,2001,12 - December,311,311,0,OK
11,2002,01 - January,250,250,0,OK
11,2002,02 - February,246,246,0,OK
11,2002,03 - March,263,263,0,OK
11,2002,04 - April,292,292,0,OK
11,2002,05 - May,335,335,0,OK
11,2002,06 - June,369,369,0,OK
11,2002,07 - July,348,348,0,OK
11,2002,08 - August,370,370,0,OK
11,2002,09 - September,332,332,0,OK
11,2002,10 - October,328,328,0,OK
11,2002,11 - November,339,339,0,OK
11,2002,12 - December,287,287,0,OK
11,2003,01 - January,321,321,0,OK
11,2003,02 - February,299,299,0,OK
11,2003,03 - March,344,344,0,OK
11,2003,04 - April,347,347,0,OK
11,2003,05 - May,385,385,0,OK
11,2003,06 - June,369,369,0,OK
11,2003,07 - July,422,422,0,OK
11,2003,08 - August,391,391,0,OK
11,2003,09 - September,364,364,0,OK
11,2003,10 - October,398,398,0,OK
11,2003,11 - November,347,347,0,OK
11,2003,12 - December,333,333,0,OK
11,2004,01 - January,338,338,0,OK
11,2004,02 - February,335,335,0,OK
11,2004,03 - March,341,341,0,OK
11,2004,04 - April,379,379,0,OK
11,2004,05 - May,432,432,0,OK
11,2004,06 - June,354,354,0,OK
11,2004,07 - July,375,375,0,OK
11,2004,08 - August,417,417,0,OK
11,2004,09 - September,382,382,0,OK
11,2004,10 - October,385,385,0,OK
11,2004,11 - November,327,327,0,OK
11,2004,12 - December,385,385,0,OK
11,2005,01 - January,258,258,0,OK
11,2005,02 - February,278,278,0,OK
11,2005,03 - March,409,409,0,OK
11,2005,04 - April,443,443,0,OK
11,2005,05 - May,402,402,0,OK
11,2005,06 - June,415,415,0,OK
11,2005,07 - July,395,395,0,OK
11,2005,08 - August,411,411,0,OK
11,2005,09 - September,439,439,0,OK
11,2005,10 - October,389,389,0,OK
11,2005,11 - November,431,431,0,OK
11,2005,12 - December,430,430,0,OK
11,2006,01 - January,423,423,0,OK
11,2006,02 - February,400,400,0,OK
11,2006,03 - March,453,453,0,OK
11,2006,04 - April,451,451,0,OK
11,2006,05 - May,439,439,0,OK
11,2006,06 - June,508,508,0,OK
11,2006,07 - July,427,427,0,OK
11,2006,08 - August,491,491,0,OK
11,2006,09 - September,417,417,0,OK
11,2006,10 - October,503,503,0,OK
11,2006,11 - November,407,407,0,OK
11,2006,12 - December,428,428,0,OK
11,2007,01 - January,368,368,0,OK
11,2007,02 - February,407,407,0,OK
11,2007,03 - March,482,482,0,OK
11,2007,04 - April,379,379,0,OK
11,2007,05 - May,441,441,0,OK
11,2007,06 - June,439,439,0,OK
11,2007,07 - July,387,387,0,OK
11,2007,08 - August,436,436,0,OK
11,2007,09 - September,429,429,0,OK
11,2007,10 - October,446,446,0,OK
11,2007,11 - November,452,452,0,OK
11,2007,12 - December,372,372,0,OK
11,2008,01 - January,432,432,0,OK
11,2008,02 - February,425,425,0,OK
11,2008,03 - March,463,463,0,OK
11,2008,04 - April,453,453,0,OK
11,2008,05 - May,419,419,0,OK
11,2008,06 - June,401,401,0,OK
11,2008,07 - July,530,530,0,OK
11,2008,08 - August,509,509,0,OK
11,2008,09 - September,500,500,0,OK
11,2008,10 - October,513,513,0,OK
11,2008,11 - November,441,441,0,OK
11,2008,12 - December,391,391,0,OK
11,2009,01 - January,311,311,0,OK
11,2009,02 - February,284,284,0,OK
11,2009,03 - March,272,272,0,OK
11,2009,04 - April,233,233,0,OK
11,2009,05 - May,213,213,0,OK
11,2009,06 - June,269,269,0,OK
11,2009,07 - July,258,258,0,OK
11,2009,08 - August,240,240,0,OK
11,2009,09 - September,210,210,0,OK
11,2009,10 - October,198,198,0,OK
11,2009,11 - November,183,183,0,OK
11,2009,12 - December,218,218,0,OK
11,2010,01 - January,238,238,0,OK
11,2010,02 - February,210,210,0,OK
11,2010,03 - March,233,233,0,OK
11,2010,04 - April,272,272,0,OK
11,2010,05 - May,265,265,0,OK
11,2010,06 - June,271,271,0,OK
11,2010,07 - July,282,282,0,OK
11,2010,08 - August,292,292,0,OK
11,2010,09 - September,282,282,0,OK
11,2010,10 - October,276,276,0,OK
11,2010,11 - November,259,259,0,OK
11,2010,12 - December,239,239,0,OK
11,2011,01 - January,277,277,0,OK
11,2011,02 - February,219,219,0,OK
11,2011,03 - March,311,311,0,OK
11,2011,04 - April,294,294,0,OK
11,2011,05 - May,314,314,0,OK
11,2011,06 - June,328,328,0,OK
11,2011,07 - July,297,297,0,OK
11,2011,08 - August,326,326,0,OK
11,2011,09 - September,271,271,0,OK
11,2011,10 - October,301,301,0,OK
11,2011,11 - November,273,273,0,OK
11,2011,12 - December,267,267,0,OK
11,2012,01 - January,282,282,0,OK
11,2012,02 - February,282,282,0,OK
11,2012,03 - March,308,308,0,OK
11,2012,04 - April,303,303,0,OK
11,2012,05 - May,333,333,0,OK
11,2012,06 - June,336,336,0,OK
11,2012,07 - July,328,328,0,OK
11,2012,08 - August,345,345,0,OK
11,2012,09 - September,286,286,0,OK
11,2012,10 - October,375,375,0,OK
11,2012,11 - November,324,324,0,OK
11,2012,12 - December,325,325,0,OK
12,2013,01 - January,305,305,0,OK
12,2013,02 - February,319,319,0,OK
12,2013,03 - March,378,378,0,OK
12,2013,04 - April,350,350,0,OK
12,2013,05 - May,326,326,0,OK
12,2013,06 - June,353,353,0,OK
12,2013,07 - July,328,328,0,OK
12,2013,08 - August,414,414,0,OK
12,2013,09 - September,384,384,0,OK
12,2013,10 - October,387,387,0,OK
12,2013,11 - November,327,327,0,OK
12,2013,12 - December,276,276,0,OK
12,2014,01 - January,399,399,0,OK
12,2014,02 - February,334,334,0,OK
12,2014,03 - March,365,365,0,OK
12,2014,04 - April,408,408,0,OK
12,2014,05 - May,381,381,0,OK
12,2014,06 - June,346,346,0,OK
12,2014,07 - July,369,369,0,OK
12,2014,08 - August,411,411,0,OK
12,2014,09 - September,428,428,0,OK
12,2014,10 - October,452,452,0,OK
12,2014,11 - November,302,302,0,OK
12,2014,12 - December,324,324,0,OK
12,2015,01 - January,315,315,0,OK
12,2015,02 - February,273,273,0,OK
12,2015,03 - March,287,287,0,OK
12,2015,04 - April,258,258,0,OK
12,2015,05 - May,230,230,0,OK
12,2015,06 - June,227,227,0,OK
12,2015,07 - July,350,350,0,OK
12,2015,08 - August,271,271,0,OK
12,2015,09 - September,263,263,0,OK
12,2015,10 - October,261,261,0,OK
12,2015,11 - November,223,223,0,OK
12,2015,12 - December,169,169,0,OK
12,2016,01 - January,227,227,0,OK
12,2016,02 - February,179,179,0,OK
12,2016,03 - March,214,214,0,OK
12,2016,04 - April,294,294,0,OK
12,2016,05 - May,164,164,0,OK
12,2016,06 - June,177,177,0,OK
12,2016,07 - July,192,192,0,OK
12,2016,08 - August,200,200,0,OK
12,2016,09 - September,193,193,0,OK
12,2016,10 - October,204,204,0,OK
12,2016,11 - November,210,210,0,OK
12,2016,12 - December,224,224,0,OK
12,2017,01 - January,301,301,0,OK
12,2017,02 - February,188,188,0,OK
12,2017,03 - March,207,207,0,OK
12,2017,04 - April,182,182,0,OK
12,2017,05 - May,221,221,0,OK
12,2017,06 - June,214,214,0,OK
12,2017,07 - July,200,200,0,OK
12,2017,08 - August,237,237,0,OK
12,2017,09 - September,222,222,0,OK
12,2017,10 - October,234,234,0,OK
12,2017,11 - November,223,223,0,OK
12,2017,12 - December,229,229,0,OK
12,2018,01 - January,184,184,0,OK
12,2018,02 - February,190,190,0,OK
12,2018,03 - March,242,242,0,OK
12,2018,04 - April,271,271,0,OK
12,2018,05 - May,236,236,0,OK
12,2018,06 - June,246,246,0,OK
12,2018,07 - July,228,228,0,OK
12,2018,08 - August,266,266,0,OK
12,2018,09 - September,244,244,0,OK
12,2018,10 - October,243,243,0,OK
12,2018,11 - November,235,235,0,OK
12,2018,12 - December,214,214,0,OK
13,2019,01 - January,204,204,0,OK
13,2019,02 - February,178,178,0,OK
13,2019,03 - March,242,242,0,OK
13,2019,04 - April,216,216,0,OK
13,2019,05 - May,175,175,0,OK
13,2019,06 - June,226,226,0,OK
13,2019,07 - July,191,191,0,OK
13,2019,08 - August,207,207,0,OK
13,2019,09 - September,190,190,0,OK
13,2019,10 - October,198,198,0,OK
13,2019,11 - November,163,163,0,OK
13,2019,12 - December,128,128,0,OK
13,2020,01 - January,200,200,0,OK
13,2020,02 - February,182,182,0,OK
13,2020,03 - March,167,167,0,OK
13,2020,04 - April,66,66,0,OK
13,2020,05 - May,60,60,0,OK
13,2020,06 - June,134,134,0,OK
13,2020,07 - July,84,84,0,OK
13,2020,08 - August,72,72,0,OK
13,2020,09 - September,52,52,0,OK
13,2020,10 - October,74,74,0,OK
13,2020,11 - November,76,76,0,OK
13,2020,12 - December,66,66,0,OK
13,2021,01 - January,72,72,0,OK
13,2021,02 - February,62,62,0,OK
13,2021,03 - March,82,82,0,OK
13,2021,04 - April,108,108,0,OK
13,2021,05 - May,87,87,0,OK
13,2021,06 - June,130,130,0,OK
13,2021,07 - July,90,90,0,OK
13,2021,08 - August,100,100,0,OK
13,2021,09 - September,122,122,0,OK
13,2021,10 - October,125,125,0,OK
13,2021,11 - November,91,91,0,OK
13,2021,12 - December,113,113,0,OK
13,2022,01 - January,112,112,0,OK
13,2022,02 - February,116,116,0,OK
13,2022,03 - March,200,200,0,OK
13,2022,04 - April,145,145,0,OK
13,2022,05 - May,141,141,0,OK
13,2022,06 - June,1,1,0,OK
13,2022,07 - July,6,6,0,OK
13,2022,08 - August,12,12,0,OK
13,2022,09 - September,6,6,0,OK
13,2022,10 - October,14,14,0,OK
13,2022,11 - November,94,587,493,S3_EXTRA_493
13,2022,12 - December,95,95,0,OK
13,2023,01 - January,96,96,0,OK
13,2023,02 - February,88,88,0,OK
13,2023,03 - March,98,98,0,OK
13,2023,04 - April,119,119,0,OK
13,2023,05 - May,79,79,0,OK
13,2023,06 - June,81,81,0,OK
13,2023,07 - July,76,76,0,OK
13,2023,08 - August,72,72,0,OK
13,2023,09 - September,64,64,0,OK
13,2023,10 - October,73,73,0,OK
13,2023,11 - November,67,67,0,OK
13,2023,12 - December,70,70,0,OK
13,2024,01 - January,43,43,0,OK
13,2024,02 - February,57,57,0,OK
13,2024,03 - March,51,51,0,OK
13,2024,04 - April,75,75,0,OK
13,2024,05 - May,44,44,0,OK
13,2024,06 - June,43,43,0,OK
13,2024,07 - July,45,45,0,OK
13,2024,08 - August,35,35,0,OK
13,2024,09 - September,25,25,0,OK
13,2024,10 - October,11,11,0,OK
13,2024,11 - November,3,3,0,OK
13,2024,12 - December,0,0,0,OK
