pdf_stem,pdf_path,page,grid_w,grid_h,method,correct,note,grid_png
OSAGE_No Data_2270883,D:\ExportedFolderContents (1)\1911\02 - February\OSAGE_No Data_2270883.pdf,,317,313,adaptive,yes,,C:\Users\akshay\Downloads\project_modular\outputs_1911\grids\OSAGE_No Data_2270883_grid.png
14305457_SAM KEYS 1_1401167,D:\ExportedFolderContents (1)\1911\01 - January\14305457_SAM KEYS 1_1401167.pdf,,311,319,adaptive,yes,,C:\Users\akshay\Downloads\project_modular\outputs_1911\grids\14305457_SAM KEYS 1_1401167_grid.png
14707594_D FODDER 1_1401380,D:\ExportedFolderContents (1)\1911\12 - December\14707594_D FODDER 1_1401380.pdf,,316,313,adaptive,yes,,C:\Users\akshay\Downloads\project_modular\outputs_1911\grids\14707594_D FODDER 1_1401380_grid.png
35105068300000_W ROSS 1_2455852,D:\ExportedFolderContents (1)\1911\04 - April\35105068300000_W ROSS 1_2455852.pdf,,301,294,adaptive,yes,,C:\Users\akshay\Downloads\project_modular\outputs_1911\grids\35105068300000_W ROSS 1_2455852_grid.png
03738228_MILLIE AUBREY 10_1030570,D:\ExportedFolderContents (1)\1911\04 - April\03738228_MILLIE AUBREY 10_1030570.pdf,,318,315,adaptive,yes,,C:\Users\akshay\Downloads\project_modular\outputs_1911\grids\03738228_MILLIE AUBREY 10_1030570_grid.png
X_W R DAWSON_2455826,D:\ExportedFolderContents (1)\1911\03 - March\X_W R DAWSON_2455826.pdf,,445,436,adaptive@3x,yes,,C:\Users\akshay\Downloads\project_modular\outputs_1911\grids\X_W R DAWSON_2455826_grid.png
03738605_DAVID OVERTON 4_1030565,D:\ExportedFolderContents (1)\1911\03 - March\03738605_DAVID OVERTON 4_1030565.pdf,,303,302,adaptive,yes,,C:\Users\akshay\Downloads\project_modular\outputs_1911\grids\03738605_DAVID OVERTON 4_1030565_grid.png
14702075_ETTIE WHITETURKEY 5_512259,D:\ExportedFolderContents (1)\1911\12 - December\14702075_ETTIE WHITETURKEY 5_512259.pdf,,317,318,adaptive,yes,,C:\Users\akshay\Downloads\project_modular\outputs_1911\grids\14702075_ETTIE WHITETURKEY 5_512259_grid.png
14703266_CLEORA LUNDAY 1_512166,D:\ExportedFolderContents (1)\1911\02 - February\14703266_CLEORA LUNDAY 1_512166.pdf,,346,341,adaptive,yes,,C:\Users\akshay\Downloads\project_modular\outputs_1911\grids\14703266_CLEORA LUNDAY 1_512166_grid.png
14702073_ETTIE WHITETURKEY 3_512249,D:\ExportedFolderContents (1)\1911\11 - November\14702073_ETTIE WHITETURKEY 3_512249.pdf,,252,254,adaptive,yes,,C:\Users\akshay\Downloads\project_modular\outputs_1911\grids\14702073_ETTIE WHITETURKEY 3_512249_grid.png
x_JENKS BANK 1_512252,D:\ExportedFolderContents (1)\1911\12 - December\x_JENKS BANK 1_512252.pdf,,300,302,adaptive,yes,,C:\Users\akshay\Downloads\project_modular\outputs_1911\grids\x_JENKS BANK 1_512252_grid.png
x_HOMESTEAD PIGEON 1_512220,D:\ExportedFolderContents (1)\1911\08 - August\x_HOMESTEAD PIGEON 1_512220.pdf,,300,299,adaptive,yes,,C:\Users\akshay\Downloads\project_modular\outputs_1911\grids\x_HOMESTEAD PIGEON 1_512220_grid.png
03712095_L TUCKER 1_1030550,D:\ExportedFolderContents (1)\1911\02 - February\03712095_L TUCKER 1_1030550.pdf,,301,298,adaptive,yes,,C:\Users\akshay\Downloads\project_modular\outputs_1911\grids\03712095_L TUCKER 1_1030550_grid.png
x_FEE 1_512194,D:\ExportedFolderContents (1)\1911\06 - June\x_FEE 1_512194.pdf,,317,314,adaptive,yes,,C:\Users\akshay\Downloads\project_modular\outputs_1911\grids\x_FEE 1_512194_grid.png
14708249_A C BURNETT 6_512161,D:\ExportedFolderContents (1)\1911\01 - January\14708249_A C BURNETT 6_512161.pdf,,308,307,adaptive,yes,,C:\Users\akshay\Downloads\project_modular\outputs_1911\grids\14708249_A C BURNETT 6_512161_grid.png
14703930_BRIGHTON O & G 8_548625,D:\ExportedFolderContents (1)\1911\01 - January\14703930_BRIGHTON O & G 8_548625.pdf,,208,209,adaptive,yes,,C:\Users\akshay\Downloads\project_modular\outputs_1911\grids\14703930_BRIGHTON O & G 8_548625_grid.png
03738812_MARTHA BIGPOND 13_1030553,D:\ExportedFolderContents (1)\1911\02 - February\03738812_MARTHA BIGPOND 13_1030553.pdf,,447,432,adaptive@3x,yes,,C:\Users\akshay\Downloads\project_modular\outputs_1911\grids\03738812_MARTHA BIGPOND 13_1030553_grid.png
X_LEVI T ROGERS 12_2455843,D:\ExportedFolderContents (1)\1911\03 - March\X_LEVI T ROGERS 12_2455843.pdf,,313,317,adaptive,yes,,C:\Users\akshay\Downloads\project_modular\outputs_1911\grids\X_LEVI T ROGERS 12_2455843_grid.png
01911043_LEDBETTER AND TERRELL 58_911295,D:\ExportedFolderContents (1)\1911\04 - April\01911043_LEDBETTER AND TERRELL 58_911295.pdf,,319,312,adaptive,yes,,C:\Users\akshay\Downloads\project_modular\outputs_1911\grids\01911043_LEDBETTER AND TERRELL 58_911295_grid.png
11703699_D B LAYTON 5_1030618,D:\ExportedFolderContents (1)\1911\08 - August\11703699_D B LAYTON 5_1030618.pdf,,543,494,hough,yes,,C:\Users\akshay\Downloads\project_modular\outputs_1911\grids\11703699_D B LAYTON 5_1030618_grid.png
35147763580000_R M WOLFE 13_1380805,D:\ExportedFolderContents (1)\1911\09 - September\35147763580000_R M WOLFE 13_1380805.pdf,,307,297,adaptive,yes,,C:\Users\akshay\Downloads\project_modular\outputs_1911\grids\35147763580000_R M WOLFE 13_1380805_grid.png
14305638_WILLIAM ELLIS 2_1401175,D:\ExportedFolderContents (1)\1911\01 - January\14305638_WILLIAM ELLIS 2_1401175.pdf,,301,304,adaptive,yes,,C:\Users\akshay\Downloads\project_modular\outputs_1911\grids\14305638_WILLIAM ELLIS 2_1401175_grid.png
10520480_DELAWARE DISTRICT 43 E-7_1401303,D:\ExportedFolderContents (1)\1911\09 - September\10520480_DELAWARE DISTRICT 43 E-7_1401303.pdf,,207,207,adaptive,yes,,C:\Users\akshay\Downloads\project_modular\outputs_1911\grids\10520480_DELAWARE DISTRICT 43 E-7_1401303_grid.png
X_ALICE GUINN 4_512170,D:\ExportedFolderContents (1)\1911\03 - March\X_ALICE GUINN 4_512170.pdf,,314,317,adaptive,yes,,C:\Users\akshay\Downloads\project_modular\outputs_1911\grids\X_ALICE GUINN 4_512170_grid.png
11702205_SCHOOL LAND 2_1030661,D:\ExportedFolderContents (1)\1911\12 - December\11702205_SCHOOL LAND 2_1030661.pdf,,296,294,otsu,yes,,C:\Users\akshay\Downloads\project_modular\outputs_1911\grids\11702205_SCHOOL LAND 2_1030661_grid.png
X_AMINDA SCOTT 2_1401342,D:\ExportedFolderContents (1)\1911\10 - October\X_AMINDA SCOTT 2_1401342.pdf,,301,300,adaptive,yes,,C:\Users\akshay\Downloads\project_modular\outputs_1911\grids\X_AMINDA SCOTT 2_1401342_grid.png
x_MILLIE HAWKINS FARM (5 WELLS)_512246,D:\ExportedFolderContents (1)\1911\11 - November\x_MILLIE HAWKINS FARM (5 WELLS)_512246.pdf,,307,305,canny,yes,,C:\Users\akshay\Downloads\project_modular\outputs_1911\grids\x_MILLIE HAWKINS FARM (5 WELLS)_512246_grid.png
3514308526_PERRYMAN 18_1380832,D:\ExportedFolderContents (1)\1911\12 - December\3514308526_PERRYMAN 18_1380832.pdf,,304,309,adaptive,yes,,C:\Users\akshay\Downloads\project_modular\outputs_1911\grids\3514308526_PERRYMAN 18_1380832_grid.png
X_ALWELL 2_2455874,D:\ExportedFolderContents (1)\1911\06 - June\X_ALWELL 2_2455874.pdf,,298,301,canny,yes,,C:\Users\akshay\Downloads\project_modular\outputs_1911\grids\X_ALWELL 2_2455874_grid.png
X_LEVI T ROGERS 13_2455830,D:\ExportedFolderContents (1)\1911\03 - March\X_LEVI T ROGERS 13_2455830.pdf,,310,314,otsu,yes,,C:\Users\akshay\Downloads\project_modular\outputs_1911\grids\X_LEVI T ROGERS 13_2455830_grid.png
11702089_JOHN MCNEAL 2_1030609,D:\ExportedFolderContents (1)\1911\07 - July\11702089_JOHN MCNEAL 2_1030609.pdf,,305,301,adaptive,yes,,C:\Users\akshay\Downloads\project_modular\outputs_1911\grids\11702089_JOHN MCNEAL 2_1030609_grid.png
35117059740000_JONES & WELLS 3_2270977,D:\ExportedFolderContents (1)\1911\09 - September\35117059740000_JONES & WELLS 3_2270977.pdf,,295,294,adaptive,yes,,C:\Users\akshay\Downloads\project_modular\outputs_1911\grids\35117059740000_JONES & WELLS 3_2270977_grid.png
35147763470000_ABE KETCHUM 2_1380746,D:\ExportedFolderContents (1)\1911\04 - April\35147763470000_ABE KETCHUM 2_1380746.pdf,,318,327,adaptive,yes,,C:\Users\akshay\Downloads\project_modular\outputs_1911\grids\35147763470000_ABE KETCHUM 2_1380746_grid.png
03713356_CO-CO-TAH-LA-NEY 6_1030541,D:\ExportedFolderContents (1)\1911\01 - January\03713356_CO-CO-TAH-LA-NEY 6_1030541.pdf,,378,346,adaptive,yes,,C:\Users\akshay\Downloads\project_modular\outputs_1911\grids\03713356_CO-CO-TAH-LA-NEY 6_1030541_grid.png
14305459_SAM KEYS 3_1401196,D:\ExportedFolderContents (1)\1911\03 - March\14305459_SAM KEYS 3_1401196.pdf,,298,324,canny,yes,,C:\Users\akshay\Downloads\project_modular\outputs_1911\grids\14305459_SAM KEYS 3_1401196_grid.png
x_A HOGNER 4_512250,D:\ExportedFolderContents (1)\1911\11 - November\x_A HOGNER 4_512250.pdf,,298,301,canny,yes,,C:\Users\akshay\Downloads\project_modular\outputs_1911\grids\x_A HOGNER 4_512250_grid.png
35111761570000_MELVIN COLLINS 1_1982560,D:\ExportedFolderContents (1)\1911\12 - December\35111761570000_MELVIN COLLINS 1_1982560.pdf,,303,304,adaptive,yes,,C:\Users\akshay\Downloads\project_modular\outputs_1911\grids\35111761570000_MELVIN COLLINS 1_1982560_grid.png
35117037510000_STOCKTON 5_1982508,D:\ExportedFolderContents (1)\1911\05 - May\35117037510000_STOCKTON 5_1982508.pdf,,308,312,adaptive,yes,,C:\Users\akshay\Downloads\project_modular\outputs_1911\grids\35117037510000_STOCKTON 5_1982508_grid.png
X_SALES 13_2455922,D:\ExportedFolderContents (1)\1911\11 - November\X_SALES 13_2455922.pdf,,327,330,adaptive,yes,,C:\Users\akshay\Downloads\project_modular\outputs_1911\grids\X_SALES 13_2455922_grid.png
11703700_D B LAYTON 6_1030558,D:\ExportedFolderContents (1)\1911\03 - March\11703700_D B LAYTON 6_1030558.pdf,,300,302,adaptive,yes,,C:\Users\akshay\Downloads\project_modular\outputs_1911\grids\11703700_D B LAYTON 6_1030558_grid.png
X_LEVI T ROGERS 11_2455819,D:\ExportedFolderContents (1)\1911\03 - March\X_LEVI T ROGERS 11_2455819.pdf,,314,315,adaptive,yes,,C:\Users\akshay\Downloads\project_modular\outputs_1911\grids\X_LEVI T ROGERS 11_2455819_grid.png
35105047670000_W R DAWSON_2455864,D:\ExportedFolderContents (1)\1911\05 - May\35105047670000_W R DAWSON_2455864.pdf,,292,292,adaptive,yes,,C:\Users\akshay\Downloads\project_modular\outputs_1911\grids\35105047670000_W R DAWSON_2455864_grid.png
X_A TUCKER 1_2271018,D:\ExportedFolderContents (1)\1911\12 - December\X_A TUCKER 1_2271018.pdf,,296,295,adaptive,yes,,C:\Users\akshay\Downloads\project_modular\outputs_1911\grids\X_A TUCKER 1_2271018_grid.png
14705702_HENRY HOUSEBUG 2_1401371,D:\ExportedFolderContents (1)\1911\12 - December\14705702_HENRY HOUSEBUG 2_1401371.pdf,,302,299,adaptive,yes,,C:\Users\akshay\Downloads\project_modular\outputs_1911\grids\14705702_HENRY HOUSEBUG 2_1401371_grid.png
03713375_ADA AUBREY 11_1030597,D:\ExportedFolderContents (1)\1911\06 - June\03713375_ADA AUBREY 11_1030597.pdf,,326,329,adaptive,yes,,C:\Users\akshay\Downloads\project_modular\outputs_1911\grids\03713375_ADA AUBREY 11_1030597_grid.png
35147763480000_ABE KETCHUM 3_1380750,D:\ExportedFolderContents (1)\1911\05 - May\35147763480000_ABE KETCHUM 3_1380750.pdf,,319,325,adaptive,yes,,C:\Users\akshay\Downloads\project_modular\outputs_1911\grids\35147763480000_ABE KETCHUM 3_1380750_grid.png
14700922_ETTIE WHITETURKEY 2_512180,D:\ExportedFolderContents (1)\1911\04 - April\14700922_ETTIE WHITETURKEY 2_512180.pdf,,315,318,adaptive,yes,,C:\Users\akshay\Downloads\project_modular\outputs_1911\grids\14700922_ETTIE WHITETURKEY 2_512180_grid.png
35111761560000_G A MURPHY 1_3140508,D:\ExportedFolderContents (1)\1911\01 - January\35111761560000_G A MURPHY 1_3140508.pdf,,294,293,adaptive,yes,,C:\Users\akshay\Downloads\project_modular\outputs_1911\grids\35111761560000_G A MURPHY 1_3140508_grid.png
14700959_GEORGE WHITETURKEY 3_512208,D:\ExportedFolderContents (1)\1911\07 - July\14700959_GEORGE WHITETURKEY 3_512208.pdf,,299,300,adaptive,yes,,C:\Users\akshay\Downloads\project_modular\outputs_1911\grids\14700959_GEORGE WHITETURKEY 3_512208_grid.png
35147763650000_R M WOLFE 9_1380785,D:\ExportedFolderContents (1)\1911\08 - August\35147763650000_R M WOLFE 9_1380785.pdf,,304,294,adaptive,yes,,C:\Users\akshay\Downloads\project_modular\outputs_1911\grids\35147763650000_R M WOLFE 9_1380785_grid.png
X_GEORGE COCHRAN 17_2455793,D:\ExportedFolderContents (1)\1911\02 - February\X_GEORGE COCHRAN 17_2455793.pdf,,309,315,adaptive,yes,,C:\Users\akshay\Downloads\project_modular\outputs_1911\grids\X_GEORGE COCHRAN 17_2455793_grid.png
01911047_LEDBETTER AND TERRELL 62_911299,D:\ExportedFolderContents (1)\1911\06 - June\01911047_LEDBETTER AND TERRELL 62_911299.pdf,,322,317,adaptive,yes,,C:\Users\akshay\Downloads\project_modular\outputs_1911\grids\01911047_LEDBETTER AND TERRELL 62_911299_grid.png
X_RIVERBED 1_1982460,D:\ExportedFolderContents (1)\1911\01 - January\X_RIVERBED 1_1982460.pdf,,310,304,adaptive,yes,,C:\Users\akshay\Downloads\project_modular\outputs_1911\grids\X_RIVERBED 1_1982460_grid.png
x_MILLIE HAWKINS FARM (MULTIPLE WELLS)_512225,D:\ExportedFolderContents (1)\1911\08 - August\x_MILLIE HAWKINS FARM (MULTIPLE WELLS)_512225.pdf,,310,304,otsu,yes,,C:\Users\akshay\Downloads\project_modular\outputs_1911\grids\x_MILLIE HAWKINS FARM (MULTIPLE WELLS)_512225_grid.png
X_BETSY SAM_2455856,D:\ExportedFolderContents (1)\1911\04 - April\X_BETSY SAM_2455856.pdf,,293,293,adaptive,yes,,C:\Users\akshay\Downloads\project_modular\outputs_1911\grids\X_BETSY SAM_2455856_grid.png
11702204_SCHOOL LAND 1_1030644,D:\ExportedFolderContents (1)\1911\10 - October\11702204_SCHOOL LAND 1_1030644.pdf,,323,304,adaptive,yes,,C:\Users\akshay\Downloads\project_modular\outputs_1911\grids\11702204_SCHOOL LAND 1_1030644_grid.png
X_J BOWLES_2455867,D:\ExportedFolderContents (1)\1911\05 - May\X_J BOWLES_2455867.pdf,,299,306,adaptive,yes,,C:\Users\akshay\Downloads\project_modular\outputs_1911\grids\X_J BOWLES_2455867_grid.png
35037107680000_BENNIE GILCREASE_1982542,D:\ExportedFolderContents (1)\1911\09 - September\35037107680000_BENNIE GILCREASE_1982542.pdf,,344,340,adaptive,yes,,C:\Users\akshay\Downloads\project_modular\outputs_1911\grids\35037107680000_BENNIE GILCREASE_1982542_grid.png
35143764150000_B ELLICK 1_2270894,D:\ExportedFolderContents (1)\1911\03 - March\35143764150000_B ELLICK 1_2270894.pdf,,300,301,adaptive,yes,,C:\Users\akshay\Downloads\project_modular\outputs_1911\grids\35143764150000_B ELLICK 1_2270894_grid.png
X_GEO WEST_2455772,D:\ExportedFolderContents (1)\1911\01 - January\X_GEO WEST_2455772.pdf,,302,300,adaptive,yes,,C:\Users\akshay\Downloads\project_modular\outputs_1911\grids\X_GEO WEST_2455772_grid.png
35147029660000_OSCAR HENRY 1_2270873,D:\ExportedFolderContents (1)\1911\01 - January\35147029660000_OSCAR HENRY 1_2270873.pdf,,319,312,adaptive,yes,,C:\Users\akshay\Downloads\project_modular\outputs_1911\grids\35147029660000_OSCAR HENRY 1_2270873_grid.png
X_W R DAWSON_2455841,D:\ExportedFolderContents (1)\1911\03 - March\X_W R DAWSON_2455841.pdf,,453,443,adaptive@3x,yes,,C:\Users\akshay\Downloads\project_modular\outputs_1911\grids\X_W R DAWSON_2455841_grid.png
x_ANGIE L MORRISON 2_512179,D:\ExportedFolderContents (1)\1911\04 - April\x_ANGIE L MORRISON 2_512179.pdf,,277,279,canny,yes,,C:\Users\akshay\Downloads\project_modular\outputs_1911\grids\x_ANGIE L MORRISON 2_512179_grid.png
X_SANDERS_2455905,D:\ExportedFolderContents (1)\1911\10 - October\X_SANDERS_2455905.pdf,,300,304,canny,yes,,C:\Users\akshay\Downloads\project_modular\outputs_1911\grids\X_SANDERS_2455905_grid.png
14700960_GEO WHITETURKEY 4_512265,D:\ExportedFolderContents (1)\1911\12 - December\14700960_GEO WHITETURKEY 4_512265.pdf,,314,316,adaptive,yes,,C:\Users\akshay\Downloads\project_modular\outputs_1911\grids\14700960_GEO WHITETURKEY 4_512265_grid.png
14700919_SAM MAYES 1_512165,D:\ExportedFolderContents (1)\1911\02 - February\14700919_SAM MAYES 1_512165.pdf,,304,307,adaptive,yes,,C:\Users\akshay\Downloads\project_modular\outputs_1911\grids\14700919_SAM MAYES 1_512165_grid.png
35105780070000_LEVI KEENER 8_2455916,D:\ExportedFolderContents (1)\1911\11 - November\35105780070000_LEVI KEENER 8_2455916.pdf,,450,452,adaptive,yes,,C:\Users\akshay\Downloads\project_modular\outputs_1911\grids\35105780070000_LEVI KEENER 8_2455916_grid.png
OSAGE_OSAGE_2271004,D:\ExportedFolderContents (1)\1911\11 - November\OSAGE_OSAGE_2271004.pdf,,303,300,adaptive,yes,,C:\Users\akshay\Downloads\project_modular\outputs_1911\grids\OSAGE_OSAGE_2271004_grid.png
14305028_ADA FOWLER 5_1400550,D:\ExportedFolderContents (1)\1911\07 - July\14305028_ADA FOWLER 5_1400550.pdf,,304,301,adaptive,yes,,C:\Users\akshay\Downloads\project_modular\outputs_1911\grids\14305028_ADA FOWLER 5_1400550_grid.png
x_JOSEPH GIBSON 1_512190,D:\ExportedFolderContents (1)\1911\05 - May\x_JOSEPH GIBSON 1_512190.pdf,,300,299,adaptive,yes,,C:\Users\akshay\Downloads\project_modular\outputs_1911\grids\x_JOSEPH GIBSON 1_512190_grid.png
14701739_ELLA WILLIAMS 2_1401201,D:\ExportedFolderContents (1)\1911\03 - March\14701739_ELLA WILLIAMS 2_1401201.pdf,,317,319,adaptive,yes,,C:\Users\akshay\Downloads\project_modular\outputs_1911\grids\14701739_ELLA WILLIAMS 2_1401201_grid.png
X_RICHARD WOODWARD 120A_2356022,D:\ExportedFolderContents (1)\1911\05 - May\X_RICHARD WOODWARD 120A_2356022.pdf,,309,313,adaptive,yes,,C:\Users\akshay\Downloads\project_modular\outputs_1911\grids\X_RICHARD WOODWARD 120A_2356022_grid.png
35147763670000_RICHARD WOLFE 4_1380761,D:\ExportedFolderContents (1)\1911\05 - May\35147763670000_RICHARD WOLFE 4_1380761.pdf,,307,307,otsu,yes,,C:\Users\akshay\Downloads\project_modular\outputs_1911\grids\35147763670000_RICHARD WOLFE 4_1380761_grid.png
X_J. COLLIERS 3_2270903,D:\ExportedFolderContents (1)\1911\03 - March\X_J. COLLIERS 3_2270903.pdf,,311,301,adaptive,yes,,C:\Users\akshay\Downloads\project_modular\outputs_1911\grids\X_J. COLLIERS 3_2270903_grid.png
14701584_LIZZIE SUNDAY 1_1401227,D:\ExportedFolderContents (1)\1911\04 - April\14701584_LIZZIE SUNDAY 1_1401227.pdf,,327,333,adaptive,yes,,C:\Users\akshay\Downloads\project_modular\outputs_1911\grids\14701584_LIZZIE SUNDAY 1_1401227_grid.png
X_GEORGE COCHRAN 15_2455788,D:\ExportedFolderContents (1)\1911\01 - January\X_GEORGE COCHRAN 15_2455788.pdf,,466,466,canny@3x,yes,,C:\Users\akshay\Downloads\project_modular\outputs_1911\grids\X_GEORGE COCHRAN 15_2455788_grid.png
X_DAWSON_2455901,D:\ExportedFolderContents (1)\1911\09 - September\X_DAWSON_2455901.pdf,,295,294,adaptive,yes,,C:\Users\akshay\Downloads\project_modular\outputs_1911\grids\X_DAWSON_2455901_grid.png
14703267_C A LUNDAY 2_512168,D:\ExportedFolderContents (1)\1911\03 - March\14703267_C A LUNDAY 2_512168.pdf,,347,343,adaptive,yes,,C:\Users\akshay\Downloads\project_modular\outputs_1911\grids\14703267_C A LUNDAY 2_512168_grid.png
35147763640000_R M WOLFE 8_1380784,D:\ExportedFolderContents (1)\1911\08 - August\35147763640000_R M WOLFE 8_1380784.pdf,,308,298,adaptive,yes,,C:\Users\akshay\Downloads\project_modular\outputs_1911\grids\35147763640000_R M WOLFE 8_1380784_grid.png
X_ELIZA MCLAIN 1_1401377,D:\ExportedFolderContents (1)\1911\12 - December\X_ELIZA MCLAIN 1_1401377.pdf,,315,317,adaptive,yes,,C:\Users\akshay\Downloads\project_modular\outputs_1911\grids\X_ELIZA MCLAIN 1_1401377_grid.png
11702098_JOHN R SKINNER 3_1030639,D:\ExportedFolderContents (1)\1911\10 - October\11702098_JOHN R SKINNER 3_1030639.pdf,,308,304,adaptive,yes,,C:\Users\akshay\Downloads\project_modular\outputs_1911\grids\11702098_JOHN R SKINNER 3_1030639_grid.png
14701521_JOHN A BELL JR 8_512204,D:\ExportedFolderContents (1)\1911\07 - July\14701521_JOHN A BELL JR 8_512204.pdf,,299,302,adaptive,yes,,C:\Users\akshay\Downloads\project_modular\outputs_1911\grids\14701521_JOHN A BELL JR 8_512204_grid.png
35111018520000_JOSEPH GIBSON 2_1380806,D:\ExportedFolderContents (1)\1911\10 - October\35111018520000_JOSEPH GIBSON 2_1380806.pdf,,301,300,adaptive,yes,,C:\Users\akshay\Downloads\project_modular\outputs_1911\grids\35111018520000_JOSEPH GIBSON 2_1380806_grid.png
14703264_H LASLEY 3_512175,D:\ExportedFolderContents (1)\1911\04 - April\14703264_H LASLEY 3_512175.pdf,,313,316,adaptive,yes,,C:\Users\akshay\Downloads\project_modular\outputs_1911\grids\14703264_H LASLEY 3_512175_grid.png
03735274_R E KING 1_1030631,D:\ExportedFolderContents (1)\1911\09 - September\03735274_R E KING 1_1030631.pdf,,302,305,adaptive,yes,,C:\Users\akshay\Downloads\project_modular\outputs_1911\grids\03735274_R E KING 1_1030631_grid.png
11702108_GEO BRENTNALL 2_1030670,D:\ExportedFolderContents (1)\1911\12 - December\11702108_GEO BRENTNALL 2_1030670.pdf,,288,283,adaptive,yes,,C:\Users\akshay\Downloads\project_modular\outputs_1911\grids\11702108_GEO BRENTNALL 2_1030670_grid.png
14700927_SCOTT YEARGIAN 1_512188,D:\ExportedFolderContents (1)\1911\05 - May\14700927_SCOTT YEARGIAN 1_512188.pdf,,305,293,adaptive,yes,,C:\Users\akshay\Downloads\project_modular\outputs_1911\grids\14700927_SCOTT YEARGIAN 1_512188_grid.png
X_A BRUMMET 3_1030533,D:\ExportedFolderContents (1)\1911\01 - January\X_A BRUMMET 3_1030533.pdf,,298,300,adaptive,yes,,C:\Users\akshay\Downloads\project_modular\outputs_1911\grids\X_A BRUMMET 3_1030533_grid.png
X_WM OWEN NORTH 4_2356017,D:\ExportedFolderContents (1)\1911\03 - March\X_WM OWEN NORTH 4_2356017.pdf,,288,303,otsu,yes,,C:\Users\akshay\Downloads\project_modular\outputs_1911\grids\X_WM OWEN NORTH 4_2356017_grid.png
35105027670000_COLIER 9_2455934,D:\ExportedFolderContents (1)\1911\12 - December\35105027670000_COLIER 9_2455934.pdf,,300,299,adaptive,yes,,C:\Users\akshay\Downloads\project_modular\outputs_1911\grids\35105027670000_COLIER 9_2455934_grid.png
07900223_MARY FOLSOM 1_1017353,D:\ExportedFolderContents (1)\1911\05 - May\07900223_MARY FOLSOM 1_1017353.pdf,,304,306,canny,yes,,C:\Users\akshay\Downloads\project_modular\outputs_1911\grids\07900223_MARY FOLSOM 1_1017353_grid.png
14302236_SARAH SANGO 1_512198,D:\ExportedFolderContents (1)\1911\06 - June\14302236_SARAH SANGO 1_512198.pdf,,306,311,adaptive,yes,,C:\Users\akshay\Downloads\project_modular\outputs_1911\grids\14302236_SARAH SANGO 1_512198_grid.png
14701740_ELLA WILLIAMS 4_1401235,D:\ExportedFolderContents (1)\1911\04 - April\14701740_ELLA WILLIAMS 4_1401235.pdf,,302,305,adaptive,yes,,C:\Users\akshay\Downloads\project_modular\outputs_1911\grids\14701740_ELLA WILLIAMS 4_1401235_grid.png
x_FEE 2-5_512158,D:\ExportedFolderContents (1)\1911\01 - January\x_FEE 2-5_512158.pdf,,322,320,adaptive,yes,,C:\Users\akshay\Downloads\project_modular\outputs_1911\grids\x_FEE 2-5_512158_grid.png
